{
	"display": {
		"icon": {
			"item": "minecraft:chorus_flower"
		},
		"title": {
			"translate": "The flower of the end",
			"color": "aqua"
		},
		"description": {
			"translate": "Plant a chorus flower",
			"color": "white"
		}
	},
	"parent": "skyblock:end/enter_end_gateway",
	"criteria": {
		"requirement": {
            "trigger": "minecraft:placed_block",
            "conditions": {
                "location": [
                    {
                        "condition": "minecraft:location_check",
                        "predicate": {
                            "block": {
                                "blocks": [
                                    "minecraft:chorus_flower"
                                ]
                            }
                        }
                    }
                ]
            }
        }
	}
}
