{
	"display": {
		"icon": {
			"item": "minecraft:amethyst_block"
		},
		"title": {
			"translate": "Amethyst collector",
			"color": "aqua"
		},
		"description": {
			"translate": "Get 64 amethyst shards",
			"color": "white"
		}
	},
	"parent": "skyblock:geode_island/get_amethyst_shard",
	"criteria": {
		"requirement": {
			"trigger": "minecraft:inventory_changed",
			"conditions": {
				"items": [
					{
						"items": [
							"minecraft:amethyst_shard"
						],
						"count": 64
					}
				]
			}
		}
	}
}
