{
	"display": {
		"icon": {
			"item": "minecraft:lead"
		},
		"title": {
			"translate": "Dynamite team",
			"color": "aqua"
		},
		"description": {
			"translate": "Get all three frog variants",
			"color": "white"
		}
	},
	"parent": "skyblock:geode_island/tadpole_in_a_bucket",
	"criteria": {
		"minecraft:cold": {
			"trigger": "minecraft:player_interacted_with_entity",
			"conditions": {
				"item": {
					"items": [
						"minecraft:lead"
					]
				},
				"entity": [
					{
						"condition": "minecraft:entity_properties",
						"entity": "this",
						"predicate": {
							"type": "minecraft:frog",
							"type_specific": {
								"type": "frog",
								"variant": "minecraft:cold"
							}
						}
					}
				]
			}
		},
		"minecraft:temperate": {
			"trigger": "minecraft:player_interacted_with_entity",
			"conditions": {
				"item": {
					"items": [
						"minecraft:lead"
					]
				},
				"entity": [
					{
						"condition": "minecraft:entity_properties",
						"entity": "this",
						"predicate": {
							"type": "minecraft:frog",
							"type_specific": {
								"type": "frog",
								"variant": "minecraft:temperate"
							}
						}
					}
				]
			}
		},
		"minecraft:warm": {
			"trigger": "minecraft:player_interacted_with_entity",
			"conditions": {
				"item": {
					"items": [
						"minecraft:lead"
					]
				},
				"entity": [
					{
						"condition": "minecraft:entity_properties",
						"entity": "this",
						"predicate": {
							"type": "minecraft:frog",
							"type_specific": {
								"type": "frog",
								"variant": "minecraft:warm"
							}
						}
					}
				]
			}
		}
	}
}
