{
	"display": {
		"icon": {
			"item": "minecraft:sculk",
			"nbt": "{Enchantments:[{id:\"minecraft:unbreaking\",lvl:1}]}"
		},
		"title": {
			"translate": "Cosmic warden",
			"color": "aqua"
		},
		"description": {
			"translate": "Kill a warden in each dimension",
			"color": "white"
		},
		"frame": "challenge"
	},
	"parent": "skyblock:geode_island/killed_warden",
	"criteria": {
		"overworld": {
			"trigger": "minecraft:player_killed_entity",
			"conditions": {
				"entity": {
					"type": "minecraft:warden",
					"location": {
						"dimension": "minecraft:overworld"
					}
				}
			}
		},
		"nether": {
			"trigger": "minecraft:player_killed_entity",
			"conditions": {
				"entity": {
					"type": "minecraft:warden",
					"location": {
						"dimension": "minecraft:the_nether"
					}
				}
			}
		},
		"end": {
			"trigger": "minecraft:player_killed_entity",
			"conditions": {
				"entity": {
					"type": "minecraft:warden",
					"location": {
						"dimension": "minecraft:the_end"
					}
				}
			}
		}
	},
	"rewards": {
		"experience": 500
	}
}
