{
	"display": {
		"icon": {
			"item": "minecraft:dragon_head"
		},
		"title": {
			"translate": "It is a plane?",
			"color": "aqua"
		},
		"description": {
			"translate": "Look the ender dragon with a spyglass",
			"color": "white"
		}
	},
	"parent": "skyblock:geode_island/use_spyglass",
	"criteria": {
		"requirement": {
			"trigger": "minecraft:using_item",
			"conditions": {
				"player": [
					{
						"condition": "minecraft:entity_properties",
						"entity": "this",
						"predicate": {
							"type_specific": {
								"type": "player",
								"looking_at": {
									"type": "minecraft:ender_dragon"
								}
							}
						}
					}
				],
				"item": {
					"items": [
						"minecraft:spyglass"
					]
				}
			}
		}
	}
}
