{
    "display": {
        "icon": {
            "item": "minecraft:apple",
            "nbt": "{Enchantments:[{id:\"minecraft:unbreaking\",lvl:1}]}"
        },
        "title": {
            "translate": "Balanced diet",
            "color": "aqua"
        },
        "description": {
            "translate": "Eat everything that is edible, even if it is harmful",
            "color": "white"
        },
        "frame": "challenge"
    },
    "parent": "skyblock:sand_island/plant_a_seed",
    "criteria": {
        "apple": {
            "trigger": "minecraft:consume_item",
            "conditions": {
                "item": {
                    "items": [
                        "minecraft:apple"
                    ]
                }
            }
        },
        "baked_potato": {
            "trigger": "minecraft:consume_item",
            "conditions": {
                "item": {
                    "items": [
                        "minecraft:baked_potato"
                    ]
                }
            }
        },
        "beef": {
            "trigger": "minecraft:consume_item",
            "conditions": {
                "item": {
                    "items": [
                        "minecraft:beef"
                    ]
                }
            }
        },
        "beetroot": {
            "trigger": "minecraft:consume_item",
            "conditions": {
                "item": {
                    "items": [
                        "minecraft:beetroot"
                    ]
                }
            }
        },
        "beetroot_soup": {
            "trigger": "minecraft:consume_item",
            "conditions": {
                "item": {
                    "items": [
                        "minecraft:beetroot_soup"
                    ]
                }
            }
        },
        "bread": {
            "trigger": "minecraft:consume_item",
            "conditions": {
                "item": {
                    "items": [
                        "minecraft:bread"
                    ]
                }
            }
        },
        "cake": {
            "trigger": "minecraft:item_used_on_block",
            "conditions": {
                "location": [
                    {
                        "condition": "minecraft:location_check",
                        "predicate": {
                            "block": {
                                "blocks": [
                                    "minecraft:cake"
                                ]
                            }
                        }
                    }
                ]
            }
        },
        "carrot": {
            "trigger": "minecraft:consume_item",
            "conditions": {
                "item": {
                    "items": [
                        "minecraft:carrot"
                    ]
                }
            }
        },
        "chicken": {
            "trigger": "minecraft:consume_item",
            "conditions": {
                "item": {
                    "items": [
                        "minecraft:chicken"
                    ]
                }
            }
        },
        "chorus_fruit": {
            "trigger": "minecraft:consume_item",
            "conditions": {
                "item": {
                    "items": [
                        "minecraft:chorus_fruit"
                    ]
                }
            }
        },
        "cod": {
            "trigger": "minecraft:consume_item",
            "conditions": {
                "item": {
                    "items": [
                        "minecraft:cod"
                    ]
                }
            }
        },
        "cooked_beef": {
            "trigger": "minecraft:consume_item",
            "conditions": {
                "item": {
                    "items": [
                        "minecraft:cooked_beef"
                    ]
                }
            }
        },
        "cooked_chicken": {
            "trigger": "minecraft:consume_item",
            "conditions": {
                "item": {
                    "items": [
                        "minecraft:cooked_chicken"
                    ]
                }
            }
        },
        "cooked_cod": {
            "trigger": "minecraft:consume_item",
            "conditions": {
                "item": {
                    "items": [
                        "minecraft:cooked_cod"
                    ]
                }
            }
        },
        "cooked_mutton": {
            "trigger": "minecraft:consume_item",
            "conditions": {
                "item": {
                    "items": [
                        "minecraft:cooked_mutton"
                    ]
                }
            }
        },
        "cooked_porkchop": {
            "trigger": "minecraft:consume_item",
            "conditions": {
                "item": {
                    "items": [
                        "minecraft:cooked_porkchop"
                    ]
                }
            }
        },
        "cooked_rabbit": {
            "trigger": "minecraft:consume_item",
            "conditions": {
                "item": {
                    "items": [
                        "minecraft:cooked_rabbit"
                    ]
                }
            }
        },
        "cooked_salmon": {
            "trigger": "minecraft:consume_item",
            "conditions": {
                "item": {
                    "items": [
                        "minecraft:cooked_salmon"
                    ]
                }
            }
        },
        "cookie": {
            "trigger": "minecraft:consume_item",
            "conditions": {
                "item": {
                    "items": [
                        "minecraft:cookie"
                    ]
                }
            }
        },
        "dried_kelp": {
            "trigger": "minecraft:consume_item",
            "conditions": {
                "item": {
                    "items": [
                        "minecraft:dried_kelp"
                    ]
                }
            }
        },
        "enchanted_golden_apple": {
            "trigger": "minecraft:consume_item",
            "conditions": {
                "item": {
                    "items": [
                        "minecraft:enchanted_golden_apple"
                    ]
                }
            }
        },
        "glow_berries": {
            "trigger": "minecraft:consume_item",
            "conditions": {
                "item": {
                    "items": [
                        "minecraft:glow_berries"
                    ]
                }
            }
        },
        "golden_apple": {
            "trigger": "minecraft:consume_item",
            "conditions": {
                "item": {
                    "items": [
                        "minecraft:golden_apple"
                    ]
                }
            }
        },
        "golden_carrot": {
            "trigger": "minecraft:consume_item",
            "conditions": {
                "item": {
                    "items": [
                        "minecraft:golden_carrot"
                    ]
                }
            }
        },
        "honey_bottle": {
            "trigger": "minecraft:consume_item",
            "conditions": {
                "item": {
                    "items": [
                        "minecraft:honey_bottle"
                    ]
                }
            }
        },
        "melon_slice": {
            "trigger": "minecraft:consume_item",
            "conditions": {
                "item": {
                    "items": [
                        "minecraft:melon_slice"
                    ]
                }
            }
        },
        "milk_bucket": {
            "trigger": "minecraft:consume_item",
            "conditions": {
                "item": {
                    "items": [
                        "minecraft:milk_bucket"
                    ]
                }
            }
        },
        "mushroom_stew": {
            "trigger": "minecraft:consume_item",
            "conditions": {
                "item": {
                    "items": [
                        "minecraft:mushroom_stew"
                    ]
                }
            }
        },
        "mutton": {
            "trigger": "minecraft:consume_item",
            "conditions": {
                "item": {
                    "items": [
                        "minecraft:mutton"
                    ]
                }
            }
        },
        "poisonous_potato": {
            "trigger": "minecraft:consume_item",
            "conditions": {
                "item": {
                    "items": [
                        "minecraft:poisonous_potato"
                    ]
                }
            }
        },
        "porkchop": {
            "trigger": "minecraft:consume_item",
            "conditions": {
                "item": {
                    "items": [
                        "minecraft:porkchop"
                    ]
                }
            }
        },
        "potato": {
            "trigger": "minecraft:consume_item",
            "conditions": {
                "item": {
                    "items": [
                        "minecraft:potato"
                    ]
                }
            }
        },
        "pufferfish": {
            "trigger": "minecraft:consume_item",
            "conditions": {
                "item": {
                    "items": [
                        "minecraft:pufferfish"
                    ]
                }
            }
        },
        "pumpkin_pie": {
            "trigger": "minecraft:consume_item",
            "conditions": {
                "item": {
                    "items": [
                        "minecraft:pumpkin_pie"
                    ]
                }
            }
        },
        "rabbit": {
            "trigger": "minecraft:consume_item",
            "conditions": {
                "item": {
                    "items": [
                        "minecraft:rabbit"
                    ]
                }
            }
        },
        "rabbit_stew": {
            "trigger": "minecraft:consume_item",
            "conditions": {
                "item": {
                    "items": [
                        "minecraft:rabbit_stew"
                    ]
                }
            }
        },
        "rotten_flesh": {
            "trigger": "minecraft:consume_item",
            "conditions": {
                "item": {
                    "items": [
                        "minecraft:rotten_flesh"
                    ]
                }
            }
        },
        "salmon": {
            "trigger": "minecraft:consume_item",
            "conditions": {
                "item": {
                    "items": [
                        "minecraft:salmon"
                    ]
                }
            }
        },
        "spider_eye": {
            "trigger": "minecraft:consume_item",
            "conditions": {
                "item": {
                    "items": [
                        "minecraft:spider_eye"
                    ]
                }
            }
        },
        "suspicious_stew": {
            "trigger": "minecraft:consume_item",
            "conditions": {
                "item": {
                    "items": [
                        "minecraft:suspicious_stew"
                    ]
                }
            }
        },
        "sweet_berries": {
            "trigger": "minecraft:consume_item",
            "conditions": {
                "item": {
                    "items": [
                        "minecraft:sweet_berries"
                    ]
                }
            }
        },
        "tropical_fish": {
            "trigger": "minecraft:consume_item",
            "conditions": {
                "item": {
                    "items": [
                        "minecraft:tropical_fish"
                    ]
                }
            }
        }
    },
    "rewards": {
        "experience": 500
    }
}

