{
	"display": {
		"icon": {
			"item": "minecraft:rotten_flesh"
		},
		"title": {
			"translate": "Fake cave",
			"color": "aqua"
		},
		"description": {
			"translate": "Build a mob farm",
			"color": "white"
		}
	},
	"parent": "skyblock:sand_island/kill_a_mob",
	"criteria": {
		"rotten_flesh": {
			"trigger": "minecraft:inventory_changed",
			"conditions": {
				"items": [
					{
						"items": [
							"minecraft:rotten_flesh"
						],
						"count": {
							"min": 16
						}
					}
				]
			}
		},
		"gunpowder": {
			"trigger": "minecraft:inventory_changed",
			"conditions": {
				"items": [
					{
						"items": [
							"minecraft:gunpowder"
						],
						"count": {
							"min": 16
						}
					}
				]
			}
		},
		"spider_eye": {
			"trigger": "minecraft:inventory_changed",
			"conditions": {
				"items": [
					{
						"items": [
							"minecraft:spider_eye"
						],
						"count": {
							"min": 4
						}
					}
				]
			}
		},
		"bone": {
			"trigger": "minecraft:inventory_changed",
			"conditions": {
				"items": [
					{
						"items": [
							"minecraft:bone"
						],
						"count": {
							"min": 16
						}
					}
				]
			}
		}
	},
	"requirements": [
		[
			"bone",
			"spider_eye",
			"gunpowder",
			"rotten_flesh"
		]
	]
}
