{
	"display": {
		"icon": {
			"item": "minecraft:prismarine"
		},
		"title": {
			"translate": "Fallen monument",
			"color": "aqua"
		},
		"description": {
			"translate": "Reach the monument between 12 67 -180 and -45 39 -237",
			"color": "white"
		}
	},
	"parent": "skyblock:sand_island/come_to_a_structure",
	"criteria": {
		"requirement": {
			"trigger": "minecraft:location",
			"conditions": {
				"player": {
					"location": {
						"structure": "minecraft:monument"
					}
				}
			}
		}
	}
}
