{
	"display": {
		"icon": {
			"item": "minecraft:cauldron"
		},
		"title": {
			"translate": "The witch house?",
			"color": "aqua"
		},
		"description": {
			"translate": "Reach the swamp hut between 112 77 -170 and 120 84 -176",
			"color": "white"
		}
	},
	"parent": "skyblock:sand_island/come_to_a_structure",
	"criteria": {
		"requirement": {
			"trigger": "minecraft:location",
			"conditions": {
				"player": {
					"location": {
						"structure": "minecraft:swamp_hut"
					}
				}
			}
		}
	}
}
