{
	"display": {
		"icon": {
			"item": "minecraft:white_banner",
			"nbt": "{BlockEntityTag:{Patterns:[{Color:9,Pattern:\"mr\"},{Color:8,Pattern:\"bs\"},{Color:7,Pattern:\"cs\"},{Color:8,Pattern:\"bo\"},{Color:15,Pattern:\"ms\"},{Color:8,Pattern:\"hh\"},{Color:8,Pattern:\"mc\"},{Color:15,Pattern:\"bo\"}],id:\"minecraft:banner\"},HideFlags:32,display:{Name:'{\"color\":\"gold\",\"translate\":\"block.minecraft.ominous_banner\"}'}}"
		},
		"title": {
			"translate": "Voluntary exile",
			"color": "aqua"
		},
		"description": {
			"translate": "Get the bad omen effect",
			"color": "white"
		}
	},
	"parent": "skyblock:sand_island/come_to_pillager_outpost",
	"criteria": {
		"get_bad_omen": {
			"trigger": "minecraft:location",
			"conditions": {
				"player": {
					"effects": {
						"minecraft:bad_omen": {}
					}
				}
			}
		}
	}
}
