{
	"display": {
		"icon": {
			"item": "minecraft:diamond",
			"nbt": "{Enchantments:[{id:\"minecraft:unbreaking\",lvl:1}]}"
		},
		"title": {
			"translate": "Mega raid",
			"color": "aqua"
		},
		"description": {
			"translate": "Successfully defend a village from a raid of level 5",
			"color": "white"
		},
		"frame": "challenge"
	},
	"parent": "skyblock:sand_island/hero_of_the_village",
	"criteria": {
		"super_hero_of_the_village": {
			"trigger": "minecraft:effects_changed",
			"conditions": {
				"effects": {
					"minecraft:hero_of_the_village": {
						"amplifier": {
							"min": 4
						}
					}
				}
			}
		}
	},
	"rewards": {
		"experience": 500
	}
}
