{
	"display": {
		"icon": {
			"item": "minecraft:stone_sword"
		},
		"title": {
			"translate": "Zombie apocalypse",
			"color": "aqua"
		},
		"description": {
			"translate": "Kill all types of zombie",
			"color": "white"
		}
	},
	"parent": "skyblock:sand_island/killed_zombie",
	"criteria": {
		"zombie": {
			"trigger": "minecraft:player_killed_entity",
			"conditions": {
				"entity": {
					"type": "minecraft:zombie"
				}
			}
		},
		"zombie_villager": {
			"trigger": "minecraft:player_killed_entity",
			"conditions": {
				"entity": {
					"type": "minecraft:zombie_villager"
				}
			}
		},
		"husk": {
			"trigger": "minecraft:player_killed_entity",
			"conditions": {
				"entity": {
					"type": "minecraft:husk"
				}
			}
		},
		"drowned": {
			"trigger": "minecraft:player_killed_entity",
			"conditions": {
				"entity": {
					"type": "minecraft:drowned"
				}
			}
		},
		"zombified_piglin": {
			"trigger": "minecraft:player_killed_entity",
			"conditions": {
				"entity": {
					"type": "minecraft:zombified_piglin"
				}
			}
		}
	}
}
