{
	"type": "minecraft:archaeology",
	"pools": [
        {
            "rolls": 1,
            "bonus_rolls": 0,
            "entries": [
                {
                    "type": "minecraft:item",
                    "name": "minecraft:diamond"
                },
                {
                    "type": "minecraft:item",
                    "name": "minecraft:sniffer_egg",
                    "conditions": [
                        {
                            "condition": "minecraft:location_check",
                            "predicate": {
                                "biome": "minecraft:warm_ocean"
                            }
                        }
                    ]
                },
                {
                    "type": "minecraft:item",
                    "name": "minecraft:vex_armor_trim_smithing_template",
                    "conditions": [
                        {
                            "condition": "minecraft:location_check",
                            "predicate": {
                                "biome": "minecraft:dark_forest"
                            }
                        }
                    ]
                },
                {
                    "type": "minecraft:item",
                    "name": "minecraft:ward_armor_trim_smithing_template",
                    "conditions": [
                        {
                            "condition": "minecraft:location_check",
                            "predicate": {
                                "biome": "minecraft:deep_dark"
                            }
                        }
                    ]
                },
                {
                    "type": "minecraft:item",
                    "name": "minecraft:silence_armor_trim_smithing_template",
                    "conditions": [
                        {
                            "condition": "minecraft:location_check",
                            "predicate": {
                                "biome": "minecraft:dark_forest"
                            }
                        }
                    ]
                },
                {
                    "type": "minecraft:item",
                    "name": "minecraft:dune_armor_trim_smithing_template",
                    "conditions": [
                        {
                            "condition": "minecraft:location_check",
                            "predicate": {
                                "biome": "minecraft:desert"
                            }
                        }
                    ]
                },
                {
                    "type": "minecraft:item",
                    "name": "minecraft:wild_armor_trim_smithing_template",
                    "conditions": [
                        {
                            "condition": "minecraft:any_of",
                            "terms": [
                                {
                                    "condition": "minecraft:location_check",
                                    "predicate": {
                                        "biome": "minecraft:jungle"
                                    }
                                },
                                {
                                    "condition": "minecraft:location_check",
                                    "predicate": {
                                        "biome": "minecraft:bamboo_jungle"
                                    }
                                }
                            ]
                        }
                    ]
                },
                {
                    "type": "minecraft:item",
                    "name": "minecraft:sentry_armor_trim_smithing_template",
                    "conditions": [
                        {
                            "condition": "minecraft:location_check",
                            "predicate": {
                                "structure": "minecraft:pillager_outpost"
                            }
                        }
                    ]
                },
                {
                    "type": "minecraft:item",
                    "name": "minecraft:coast_armor_trim_smithing_template",
                    "conditions": [
                        {
                            "condition": "minecraft:location_check",
                            "predicate": {
                                "biome": "minecraft:beach"
                            }
                        }
                    ]
                },
                {
                    "type": "minecraft:item",
                    "name": "minecraft:eye_armor_trim_smithing_template",
                    "conditions": [
                        {
                            "condition": "minecraft:location_check",
                            "predicate": {
                                "biome": "minecraft:the_end"
                            }
                        }
                    ]
                },
                {
                    "type": "minecraft:item",
                    "name": "minecraft:snout_armor_trim_smithing_template",
                    "conditions": [
                        {
                            "condition": "minecraft:location_check",
                            "predicate": {
                                "biome": "minecraft:crimson_forest"
                            }
                        }
                    ]
                },
                {
                    "type": "minecraft:item",
                    "name": "minecraft:rib_armor_trim_smithing_template",
                    "conditions": [
                        {
                            "condition": "minecraft:location_check",
                            "predicate": {
                                "structure": "minecraft:fortress"
                            }
                        }
                    ]
                },
                {
                    "type": "minecraft:item",
                    "name": "minecraft:host_armor_trim_smithing_template",
                    "conditions": [
                        {
                            "condition": "minecraft:location_check",
                            "predicate": {
                                "biome": "minecraft:sunflower_plains"
                            }
                        }
                    ]
                },
                {
                    "type": "minecraft:item",
                    "name": "minecraft:wayfinder_armor_trim_smithing_template",
                    "conditions": [
                        {
                            "condition": "minecraft:any_of",
                            "terms": [
                                {
                                    "condition": "minecraft:location_check",
                                    "predicate": {
                                        "biome": "minecraft:swamp"
                                    }
                                },
                                {
                                    "condition": "minecraft:location_check",
                                    "predicate": {
                                        "biome": "minecraft:mangrove_swamp"
                                    }
                                }
                            ]
                        }
                    ]
                },
                {
                    "type": "minecraft:item",
                    "name": "minecraft:raiser_armor_trim_smithing_template",
                    "conditions": [
                        {
                            "condition": "minecraft:location_check",
                            "predicate": {
                                "biome": "minecraft:meadow"
                            }
                        }
                    ]
                },
                {
                    "type": "minecraft:item",
                    "name": "minecraft:shaper_armor_trim_smithing_template",
                    "conditions": [
                        {
                            "condition": "minecraft:location_check",
                            "predicate": {
                                "biome": "minecraft:mushroom_fields"
                            }
                        }
                    ]
                }
            ]
        }
    ]
}
