{"stats":{"minecraft:picked_up":{"minecraft:oak_log":3},"minecraft:crafted":{"minecraft:oak_planks":12},"minecraft:custom":{"minecraft:jump":25,"minecraft:time_since_rest":1449,"minecraft:leave_game":4,"minecraft:sprint_one_cm":2211,"minecraft:time_since_death":1449,"minecraft:play_time":1449,"minecraft:walk_on_water_one_cm":131,"minecraft:walk_one_cm":1896,"minecraft:sneak_time":8,"minecraft:total_world_time":1449,"minecraft:walk_under_water_one_cm":89,"minecraft:swim_one_cm":763,"minecraft:fall_one_cm":1312,"minecraft:fly_one_cm":7483},"minecraft:mined":{"minecraft:short_grass":2,"minecraft:tall_grass":2,"minecraft:oak_log":3}},"DataVersion":4082}