{"stats":{"minecraft:picked_up":{"minecraft:cooked_beef":2,"minecraft:basalt":41,"minecraft:poisonous_potato":1,"minecraft:potato":5,"minecraft:oak_log":4,"minecraft:arrow":2,"minecraft:bone":2,"minecraft:blackstone":1,"minecraft:diamond_chestplate":1,"minecraft:diamond_leggings":1,"minecraft:gold_nugget":18,"minecraft:spruce_planks":7,"minecraft:diamond_boots":1,"minecraft:diamond_helmet":1,"minecraft:netherrack":36},"minecraft:crafted":{"minecraft:oak_planks":12},"minecraft:dropped":{"minecraft:potato":5,"minecraft:blackstone":1,"minecraft:diamond_chestplate":1,"minecraft:diamond_leggings":1,"minecraft:poisonous_potato":1,"minecraft:diamond_helmet":1,"minecraft:gold_nugget":18,"minecraft:diamond_boots":1,"minecraft:basalt":41,"minecraft:arrow":2,"minecraft:netherrack":18,"minecraft:bone":2},"minecraft:custom":{"minecraft:time_since_rest":51428,"minecraft:sprint_one_cm":25700,"minecraft:damage_taken":170,"minecraft:walk_one_cm":17987,"minecraft:drop":12,"minecraft:damage_dealt":66,"minecraft:swim_one_cm":1092,"minecraft:talked_to_villager":1,"minecraft:fly_one_cm":57826,"minecraft:open_chest":10,"minecraft:crouch_one_cm":460,"minecraft:play_time":51428,"minecraft:sneak_time":522,"minecraft:walk_under_water_one_cm":1388,"minecraft:jump":252,"minecraft:leave_game":10,"minecraft:walk_on_water_one_cm":311,"minecraft:time_since_death":51428,"minecraft:interact_with_smoker":1,"minecraft:climb_one_cm":429,"minecraft:total_world_time":51428,"minecraft:fall_one_cm":6047},"minecraft:mined":{"minecraft:short_grass":6,"minecraft:oak_log":4,"minecraft:tall_grass":2,"minecraft:oak_leaves":3},"minecraft:used":{"minecraft:oak_log":1,"minecraft:baked_potato":1,"minecraft:spruce_planks":4,"minecraft:cooked_beef":2}},"DataVersion":4082}