{"stats":{"minecraft:picked_up":{"minecraft:cooked_beef":2,"minecraft:basalt":41,"minecraft:poisonous_potato":1,"minecraft:potato":5,"minecraft:oak_log":4,"minecraft:blackstone":1,"minecraft:arrow":2,"minecraft:bone":2,"minecraft:diamond_chestplate":1,"minecraft:diamond_leggings":1,"minecraft:gold_nugget":18,"minecraft:spruce_planks":7,"minecraft:diamond_boots":1,"minecraft:diamond_helmet":1,"minecraft:netherrack":36},"minecraft:crafted":{"minecraft:oak_planks":12},"minecraft:dropped":{"minecraft:potato":5,"minecraft:blackstone":1,"minecraft:diamond_chestplate":1,"minecraft:diamond_leggings":1,"minecraft:poisonous_potato":1,"minecraft:diamond_helmet":1,"minecraft:gold_nugget":18,"minecraft:diamond_boots":1,"minecraft:basalt":41,"minecraft:arrow":2,"minecraft:netherrack":18,"minecraft:bone":2},"minecraft:custom":{"minecraft:time_since_rest":44378,"minecraft:sprint_one_cm":23588,"minecraft:damage_taken":170,"minecraft:walk_one_cm":16407,"minecraft:drop":12,"minecraft:damage_dealt":66,"minecraft:swim_one_cm":763,"minecraft:talked_to_villager":1,"minecraft:fly_one_cm":54214,"minecraft:open_chest":8,"minecraft:crouch_one_cm":460,"minecraft:play_time":44378,"minecraft:sneak_time":295,"minecraft:walk_under_water_one_cm":89,"minecraft:jump":238,"minecraft:leave_game":9,"minecraft:walk_on_water_one_cm":131,"minecraft:time_since_death":44378,"minecraft:interact_with_smoker":1,"minecraft:climb_one_cm":429,"minecraft:total_world_time":44378,"minecraft:fall_one_cm":5629},"minecraft:mined":{"minecraft:short_grass":6,"minecraft:oak_log":4,"minecraft:tall_grass":2,"minecraft:oak_leaves":1},"minecraft:used":{"minecraft:oak_log":1,"minecraft:spruce_planks":4,"minecraft:cooked_beef":2}},"DataVersion":4082}