{"stats":{"minecraft:picked_up":{"minecraft:cooked_beef":2,"minecraft:basalt":41,"minecraft:poisonous_potato":1,"minecraft:potato":5,"minecraft:oak_log":3,"minecraft:blackstone":1,"minecraft:arrow":2,"minecraft:bone":2,"minecraft:diamond_chestplate":1,"minecraft:diamond_leggings":1,"minecraft:gold_nugget":18,"minecraft:spruce_planks":7,"minecraft:diamond_boots":1,"minecraft:diamond_helmet":1,"minecraft:netherrack":36},"minecraft:crafted":{"minecraft:oak_planks":12},"minecraft:dropped":{"minecraft:potato":5,"minecraft:blackstone":1,"minecraft:diamond_chestplate":1,"minecraft:diamond_leggings":1,"minecraft:poisonous_potato":1,"minecraft:diamond_helmet":1,"minecraft:gold_nugget":18,"minecraft:diamond_boots":1,"minecraft:basalt":41,"minecraft:arrow":2,"minecraft:netherrack":18,"minecraft:bone":2},"minecraft:custom":{"minecraft:time_since_rest":35016,"minecraft:sprint_one_cm":22818,"minecraft:damage_taken":100,"minecraft:walk_one_cm":10576,"minecraft:drop":12,"minecraft:damage_dealt":18,"minecraft:swim_one_cm":763,"minecraft:talked_to_villager":1,"minecraft:fly_one_cm":51556,"minecraft:open_chest":8,"minecraft:crouch_one_cm":331,"minecraft:play_time":35016,"minecraft:sneak_time":214,"minecraft:walk_under_water_one_cm":89,"minecraft:jump":204,"minecraft:leave_game":7,"minecraft:walk_on_water_one_cm":131,"minecraft:time_since_death":35016,"minecraft:interact_with_smoker":1,"minecraft:climb_one_cm":429,"minecraft:total_world_time":35016,"minecraft:fall_one_cm":5629},"minecraft:mined":{"minecraft:short_grass":6,"minecraft:oak_log":3,"minecraft:tall_grass":2},"minecraft:used":{"minecraft:cooked_beef":2}},"DataVersion":4082}