{"stats":{"minecraft:killed":{"minecraft:spider":3,"minecraft:skeleton":19,"minecraft:chicken":5,"minecraft:wolf":2,"minecraft:pig":3,"minecraft:iron_golem":2,"minecraft:zombie":13,"minecraft:cow":32,"minecraft:villager":3,"minecraft:enderman":1},"minecraft:picked_up":{"minecraft:wheat":10,"minecraft:smithing_table":3,"minecraft:oak_stairs":11,"minecraft:amethyst_block":13,"minecraft:string":5,"minecraft:soul_soil":43,"minecraft:iron_leggings":2,"minecraft:gold_nugget":77,"minecraft:cobbled_deepslate":111,"minecraft:spruce_planks":53,"minecraft:calcite":4,"minecraft:furnace":4,"minecraft:stick":338,"minecraft:oak_fence":3,"minecraft:torch":24,"minecraft:porkchop":7,"minecraft:diorite":7,"minecraft:stone_sword":1,"minecraft:rotten_flesh":16,"minecraft:cobblestone":271,"minecraft:birch_log":1,"minecraft:magma_block":8,"minecraft:feather":14,"minecraft:cooked_beef":3,"minecraft:smoker":3,"minecraft:potato":1200,"minecraft:flint":8,"minecraft:lapis_lazuli":17,"minecraft:dirt":371,"minecraft:bone":18,"minecraft:bow":2,"minecraft:wheat_seeds":48,"minecraft:bell":2,"minecraft:fletching_table":9,"minecraft:oak_planks":45,"minecraft:cooked_porkchop":1,"minecraft:poisonous_potato":8,"minecraft:sand":69,"minecraft:stripped_spruce_log":1,"minecraft:mossy_cobblestone":14,"minecraft:diamond":7,"minecraft:oak_sapling":36,"minecraft:netherrack":1453,"minecraft:oak_leaves":72,"minecraft:diamond_pickaxe":1,"minecraft:crafting_table":10,"minecraft:chicken":6,"minecraft:iron_shovel":3,"minecraft:blackstone":21,"minecraft:beef":69,"minecraft:poppy":7,"minecraft:lectern":203,"minecraft:sugar_cane":27,"minecraft:chest":8,"minecraft:spruce_trapdoor":3,"minecraft:egg":1,"minecraft:raw_iron":29,"minecraft:oak_door":6,"minecraft:carrot":35,"minecraft:arrow":24,"minecraft:hay_block":10,"minecraft:rail":9,"minecraft:bone_block":38,"minecraft:stripped_oak_log":26,"minecraft:basalt":101,"minecraft:leather":50,"minecraft:oak_log":164,"minecraft:ancient_debris":3,"minecraft:yellow_bed":3,"minecraft:gunpowder":1,"minecraft:cobblestone_stairs":4,"minecraft:podzol":1,"minecraft:apple":6,"minecraft:kelp":231,"minecraft:iron_ingot":41,"minecraft:stone_pickaxe":2,"minecraft:soul_sand":33,"minecraft:book":1,"minecraft:smooth_basalt":4,"minecraft:quartz":51,"minecraft:dandelion":11,"minecraft:gravel":61,"minecraft:amethyst_shard":20,"minecraft:spruce_sapling":324,"minecraft:blast_furnace":2,"minecraft:white_bed":2,"minecraft:spruce_log":2711,"minecraft:spider_eye":2,"minecraft:stone_axe":8,"minecraft:diamond_axe":2,"minecraft:baked_potato":1,"minecraft:coal":91},"minecraft:custom":{"minecraft:animals_bred":5,"minecraft:interact_with_crafting_table":83,"minecraft:bell_ring":19,"minecraft:leave_game":5,"minecraft:time_since_death":71547,"minecraft:sprint_one_cm":999952,"minecraft:damage_blocked_by_shield":426,"minecraft:drop":298,"minecraft:talked_to_villager":520,"minecraft:play_time":310206,"minecraft:deaths":1,"minecraft:jump":5293,"minecraft:walk_on_water_one_cm":21502,"minecraft:interact_with_furnace":40,"minecraft:traded_with_villager":650,"minecraft:sleep_in_bed":11,"minecraft:damage_dealt":13856,"minecraft:player_kills":1,"minecraft:crouch_one_cm":74241,"minecraft:interact_with_anvil":4,"minecraft:mob_kills":84,"minecraft:climb_one_cm":6741,"minecraft:walk_one_cm":789411,"minecraft:sneak_time":22395,"minecraft:walk_under_water_one_cm":10839,"minecraft:interact_with_blast_furnace":4,"minecraft:total_world_time":310206,"minecraft:time_since_rest":39310,"minecraft:damage_taken":2574,"minecraft:swim_one_cm":49549,"minecraft:fly_one_cm":1117608,"minecraft:open_chest":412,"minecraft:fall_one_cm":124076},"minecraft:dropped":{"minecraft:diamond_axe":3,"minecraft:cooked_beef":3,"minecraft:oak_log":6,"minecraft:cobblestone_stairs":2,"minecraft:flint":1,"minecraft:emerald":31,"minecraft:dirt":90,"minecraft:gold_nugget":18,"minecraft:bone":2,"minecraft:oak_door":6,"minecraft:gravel":8,"minecraft:stone_axe":33,"minecraft:blackstone":5,"minecraft:sugar_cane":12,"minecraft:wheat":3,"minecraft:rotten_flesh":16,"minecraft:oak_planks":11,"minecraft:chainmail_chestplate":5,"minecraft:poppy":7,"minecraft:chest":12,"minecraft:basalt":41,"minecraft:arrow":14,"minecraft:beef":1,"minecraft:oak_leaves":8,"minecraft:netherrack":277,"minecraft:wheat_seeds":41,"minecraft:mossy_cobblestone":6,"minecraft:smithing_table":1,"minecraft:poisonous_potato":7,"minecraft:oak_fence":3,"minecraft:feather":14,"minecraft:cobblestone":61,"minecraft:book":1,"minecraft:chainmail_helmet":12,"minecraft:coal":8,"minecraft:stick":139,"minecraft:diorite":1,"minecraft:iron_leggings":14,"minecraft:oak_stairs":7,"minecraft:iron_axe":2,"minecraft:iron_shovel":4,"minecraft:string":5,"minecraft:spruce_sapling":38,"minecraft:dandelion":11,"minecraft:smooth_basalt":1,"minecraft:furnace":2,"minecraft:kelp":231,"minecraft:soul_soil":8,"minecraft:stone_sword":1,"minecraft:stone_shovel":1,"minecraft:iron_boots":56,"minecraft:smoker":1,"minecraft:stripped_oak_log":9,"minecraft:potato":939,"minecraft:spruce_trapdoor":3,"minecraft:spruce_planks":46,"minecraft:iron_chestplate":1,"minecraft:diamond_pickaxe":1,"minecraft:oak_sapling":16,"minecraft:spider_eye":2,"minecraft:spruce_log":20,"minecraft:bow":2,"minecraft:stone_pickaxe":3,"minecraft:wooden_pickaxe":1,"minecraft:calcite":4},"minecraft:crafted":{"minecraft:oak_planks":632,"minecraft:chainmail_helmet":12,"minecraft:cooked_chicken":4,"minecraft:bookshelf":3,"minecraft:diamond_helmet":1,"minecraft:diamond_leggings":1,"minecraft:iron_boots":60,"minecraft:chest":16,"minecraft:oak_button":64,"minecraft:stone_hoe":1,"minecraft:emerald":555,"minecraft:cooked_porkchop":2,"minecraft:diamond_axe":2,"minecraft:crafting_table":2,"minecraft:spruce_planks":12744,"minecraft:wooden_pickaxe":1,"minecraft:chainmail_chestplate":5,"minecraft:fletching_table":3,"minecraft:birch_planks":4,"minecraft:campfire":9,"minecraft:tnt":4,"minecraft:iron_chestplate":1,"minecraft:book":15,"minecraft:paper":42,"minecraft:diamond_pickaxe":1,"minecraft:shield":1,"minecraft:stick":24012,"minecraft:iron_pickaxe":1,"minecraft:iron_ingot":28,"minecraft:stone_sword":1,"minecraft:shears":1,"minecraft:stone_shovel":1,"minecraft:furnace":4,"minecraft:bone_meal":438,"minecraft:flint_and_steel":1,"minecraft:iron_axe":5,"minecraft:spruce_slab":24,"minecraft:stone_pickaxe":1,"minecraft:diamond_boots":1,"minecraft:wheat":27,"minecraft:cooked_beef":40,"minecraft:diamond_sword":1,"minecraft:bucket":1,"minecraft:stone_axe":26,"minecraft:enchanted_book":4,"minecraft:air":0,"minecraft:bread":9,"minecraft:oak_fence_gate":9,"minecraft:iron_shovel":2,"minecraft:iron_leggings":12,"minecraft:torch":16,"minecraft:diamond_chestplate":1},"minecraft:mined":{"minecraft:large_amethyst_bud":1,"minecraft:spruce_planks":1,"minecraft:white_bed":2,"minecraft:oak_sapling":1,"minecraft:cobblestone_stairs":2,"minecraft:budding_amethyst":3,"minecraft:grass_block":168,"minecraft:soul_soil":50,"minecraft:tall_seagrass":7,"minecraft:magma_block":8,"minecraft:cobbled_deepslate":5,"minecraft:iron_ore":11,"minecraft:fire":3,"minecraft:fletching_table":9,"minecraft:dirt_path":46,"minecraft:oak_stairs":11,"minecraft:spruce_slab":1,"minecraft:blackstone":29,"minecraft:kelp_plant":59,"minecraft:smoker":4,"minecraft:amethyst_cluster":5,"minecraft:soul_fire":2,"minecraft:torch":7,"minecraft:blast_furnace":2,"minecraft:calcite":4,"minecraft:chest":2,"minecraft:nether_quartz_ore":23,"minecraft:cobblestone":181,"minecraft:oak_planks":46,"minecraft:sugar_cane":10,"minecraft:wall_torch":4,"minecraft:amethyst_block":13,"minecraft:seagrass":5,"minecraft:birch_log":1,"minecraft:wheat":15,"minecraft:oak_log":116,"minecraft:sand":69,"minecraft:dirt":97,"minecraft:smooth_basalt":4,"minecraft:netherrack":2465,"minecraft:ancient_debris":3,"minecraft:oak_leaves":83,"minecraft:deepslate":107,"minecraft:nether_gold_ore":11,"minecraft:mossy_cobblestone":12,"minecraft:deepslate_diamond_ore":7,"minecraft:spruce_leaves":9,"minecraft:kelp":21,"minecraft:hay_block":10,"minecraft:spruce_sapling":5,"minecraft:furnace":4,"minecraft:carrots":14,"minecraft:stripped_spruce_log":1,"minecraft:bell":2,"minecraft:potatoes":251,"minecraft:deepslate_iron_ore":18,"minecraft:rail":9,"minecraft:stripped_oak_log":26,"minecraft:stone":89,"minecraft:bone_block":41,"minecraft:smithing_table":3,"minecraft:glass_pane":7,"minecraft:soul_sand":37,"minecraft:basalt":138,"minecraft:dandelion":2,"minecraft:crafting_table":10,"minecraft:short_grass":76,"minecraft:lectern":203,"minecraft:tall_grass":5,"minecraft:lapis_ore":2,"minecraft:diorite":9,"minecraft:spruce_log":49,"minecraft:yellow_bed":3,"minecraft:coal_ore":48,"minecraft:gravel":61},"minecraft:used":{"minecraft:iron_shovel":452,"minecraft:chest":16,"minecraft:shield":12,"minecraft:bell":2,"minecraft:soul_sand":1,"minecraft:carrot":23,"minecraft:furnace":6,"minecraft:oak_sapling":20,"minecraft:egg":1,"minecraft:potato":298,"minecraft:diorite":6,"minecraft:diamond_boots":1,"minecraft:stone_pickaxe":50,"minecraft:oak_planks":195,"minecraft:blackstone":2,"minecraft:wooden_pickaxe":19,"minecraft:diamond_axe":93,"minecraft:sugar_cane":15,"minecraft:blast_furnace":2,"minecraft:shears":81,"minecraft:bread":3,"minecraft:lectern":203,"minecraft:gravel":20,"minecraft:diamond_sword":25,"minecraft:smithing_table":1,"minecraft:bone_meal":438,"minecraft:stone_sword":149,"minecraft:flint_and_steel":34,"minecraft:spruce_planks":21,"minecraft:stone_hoe":33,"minecraft:cooked_chicken":4,"minecraft:netherrack":74,"minecraft:torch":20,"minecraft:dirt":265,"minecraft:bookshelf":3,"minecraft:iron_axe":410,"minecraft:oak_stairs":4,"minecraft:iron_boots":1,"minecraft:smooth_basalt":3,"minecraft:diamond_chestplate":1,"minecraft:basalt":60,"minecraft:soul_soil":11,"minecraft:podzol":1,"minecraft:cooked_beef":37,"minecraft:cobbled_deepslate":111,"minecraft:iron_leggings":2,"minecraft:wheat_seeds":2,"minecraft:water_bucket":66,"minecraft:baked_potato":1,"minecraft:spruce_sign":1,"minecraft:fletching_table":12,"minecraft:mossy_cobblestone":6,"minecraft:rail":9,"minecraft:crafting_table":13,"minecraft:tnt":4,"minecraft:white_bed":2,"minecraft:spruce_log":1,"minecraft:smoker":2,"minecraft:diamond_pickaxe":3153,"minecraft:chicken":1,"minecraft:iron_pickaxe":248,"minecraft:spruce_sapling":254,"minecraft:stone_axe":121,"minecraft:cobblestone":78,"minecraft:cooked_porkchop":3,"minecraft:bucket":67,"minecraft:yellow_bed":3},"minecraft:broken":{"minecraft:stone_axe":1,"minecraft:stone_sword":1,"minecraft:iron_axe":1,"minecraft:iron_pickaxe":1}},"DataVersion":4082}