{"stats":{"minecraft:dropped":{"minecraft:wheat_seeds":40,"minecraft:oak_log":6,"minecraft:mossy_cobblestone":6,"minecraft:smithing_table":1,"minecraft:oak_fence":3,"minecraft:feather":14,"minecraft:cobblestone":61,"minecraft:chainmail_helmet":12,"minecraft:coal":8,"minecraft:flint":1,"minecraft:stick":102,"minecraft:cobblestone_stairs":2,"minecraft:dirt":90,"minecraft:diorite":1,"minecraft:iron_leggings":14,"minecraft:oak_stairs":7,"minecraft:iron_axe":2,"minecraft:iron_shovel":3,"minecraft:string":3,"minecraft:spruce_sapling":13,"minecraft:oak_door":6,"minecraft:dandelion":10,"minecraft:smooth_basalt":1,"minecraft:gravel":8,"minecraft:furnace":2,"minecraft:stone_axe":33,"minecraft:sugar_cane":4,"minecraft:stone_sword":1,"minecraft:wheat":3,"minecraft:stone_shovel":1,"minecraft:rotten_flesh":15,"minecraft:oak_planks":11,"minecraft:iron_boots":56,"minecraft:smoker":1,"minecraft:stripped_oak_log":9,"minecraft:chainmail_chestplate":5,"minecraft:poppy":5,"minecraft:potato":146,"minecraft:iron_chestplate":1,"minecraft:diamond_pickaxe":1,"minecraft:oak_sapling":16,"minecraft:spider_eye":2,"minecraft:spruce_log":20,"minecraft:bow":2,"minecraft:wooden_pickaxe":1,"minecraft:arrow":9,"minecraft:stone_pickaxe":3,"minecraft:calcite":4,"minecraft:oak_leaves":8},"minecraft:custom":{"minecraft:interact_with_anvil":1,"minecraft:mob_kills":65,"minecraft:animals_bred":2,"minecraft:interact_with_crafting_table":72,"minecraft:bell_ring":19,"minecraft:leave_game":5,"minecraft:time_since_death":214214,"minecraft:sprint_one_cm":725472,"minecraft:walk_one_cm":548767,"minecraft:damage_blocked_by_shield":306,"minecraft:drop":234,"minecraft:talked_to_villager":168,"minecraft:play_time":214214,"minecraft:sneak_time":15298,"minecraft:walk_under_water_one_cm":3708,"minecraft:jump":3328,"minecraft:interact_with_blast_furnace":4,"minecraft:walk_on_water_one_cm":11810,"minecraft:total_world_time":214214,"minecraft:interact_with_furnace":40,"minecraft:traded_with_villager":532,"minecraft:sleep_in_bed":9,"minecraft:time_since_rest":5620,"minecraft:damage_taken":1217,"minecraft:damage_dealt":10561,"minecraft:player_kills":1,"minecraft:swim_one_cm":3696,"minecraft:fly_one_cm":684914,"minecraft:open_chest":333,"minecraft:crouch_one_cm":51622,"minecraft:fall_one_cm":66324},"minecraft:mined":{"minecraft:large_amethyst_bud":1,"minecraft:oak_sapling":1,"minecraft:white_bed":2,"minecraft:mossy_cobblestone":12,"minecraft:deepslate_diamond_ore":7,"minecraft:cobblestone_stairs":2,"minecraft:budding_amethyst":3,"minecraft:grass_block":162,"minecraft:spruce_leaves":9,"minecraft:hay_block":10,"minecraft:spruce_sapling":5,"minecraft:furnace":4,"minecraft:carrots":14,"minecraft:fire":1,"minecraft:iron_ore":11,"minecraft:cobbled_deepslate":5,"minecraft:stripped_spruce_log":1,"minecraft:fletching_table":9,"minecraft:bell":2,"minecraft:potatoes":70,"minecraft:deepslate_iron_ore":18,"minecraft:dirt_path":46,"minecraft:oak_stairs":11,"minecraft:stripped_oak_log":26,"minecraft:stone":87,"minecraft:smithing_table":3,"minecraft:glass_pane":7,"minecraft:smoker":4,"minecraft:amethyst_cluster":5,"minecraft:dandelion":2,"minecraft:crafting_table":9,"minecraft:torch":7,"minecraft:short_grass":73,"minecraft:blast_furnace":2,"minecraft:calcite":4,"minecraft:chest":1,"minecraft:cobblestone":180,"minecraft:tall_grass":5,"minecraft:lapis_ore":2,"minecraft:sugar_cane":10,"minecraft:oak_planks":46,"minecraft:diorite":9,"minecraft:wall_torch":4,"minecraft:amethyst_block":13,"minecraft:birch_log":1,"minecraft:wheat":15,"minecraft:spruce_log":43,"minecraft:yellow_bed":3,"minecraft:coal_ore":48,"minecraft:oak_log":116,"minecraft:gravel":61,"minecraft:sand":21,"minecraft:dirt":95,"minecraft:smooth_basalt":4,"minecraft:oak_leaves":83,"minecraft:deepslate":107},"minecraft:picked_up":{"minecraft:crafting_table":9,"minecraft:wheat":10,"minecraft:chicken":6,"minecraft:smithing_table":3,"minecraft:oak_stairs":11,"minecraft:amethyst_block":13,"minecraft:string":3,"minecraft:iron_leggings":2,"minecraft:iron_shovel":2,"minecraft:cobbled_deepslate":111,"minecraft:spruce_planks":50,"minecraft:beef":48,"minecraft:calcite":4,"minecraft:poppy":5,"minecraft:sugar_cane":23,"minecraft:chest":1,"minecraft:furnace":4,"minecraft:egg":1,"minecraft:stick":324,"minecraft:raw_iron":29,"minecraft:oak_door":6,"minecraft:oak_fence":3,"minecraft:torch":24,"minecraft:porkchop":7,"minecraft:diorite":7,"minecraft:carrot":35,"minecraft:rotten_flesh":15,"minecraft:stone_sword":1,"minecraft:arrow":16,"minecraft:hay_block":10,"minecraft:cobblestone":268,"minecraft:stripped_oak_log":26,"minecraft:birch_log":1,"minecraft:feather":14,"minecraft:leather":39,"minecraft:smoker":3,"minecraft:potato":249,"minecraft:flint":8,"minecraft:oak_log":164,"minecraft:yellow_bed":3,"minecraft:gunpowder":1,"minecraft:cobblestone_stairs":4,"minecraft:lapis_lazuli":17,"minecraft:dirt":363,"minecraft:bone":13,"minecraft:apple":6,"minecraft:bow":2,"minecraft:wheat_seeds":47,"minecraft:bell":2,"minecraft:stone_pickaxe":2,"minecraft:iron_ingot":38,"minecraft:fletching_table":9,"minecraft:oak_planks":45,"minecraft:smooth_basalt":4,"minecraft:cooked_porkchop":1,"minecraft:dandelion":10,"minecraft:poisonous_potato":1,"minecraft:gravel":61,"minecraft:sand":21,"minecraft:amethyst_shard":20,"minecraft:stripped_spruce_log":1,"minecraft:spruce_sapling":283,"minecraft:blast_furnace":2,"minecraft:white_bed":2,"minecraft:spruce_log":2432,"minecraft:spider_eye":2,"minecraft:mossy_cobblestone":14,"minecraft:diamond":7,"minecraft:stone_axe":8,"minecraft:baked_potato":1,"minecraft:oak_sapling":36,"minecraft:coal":91,"minecraft:oak_leaves":72,"minecraft:diamond_pickaxe":1},"minecraft:killed":{"minecraft:spider":3,"minecraft:skeleton":14,"minecraft:chicken":5,"minecraft:wolf":2,"minecraft:pig":3,"minecraft:iron_golem":1,"minecraft:zombie":11,"minecraft:villager":3,"minecraft:cow":22},"minecraft:crafted":{"minecraft:oak_planks":632,"minecraft:chainmail_helmet":12,"minecraft:stone_shovel":1,"minecraft:cooked_chicken":4,"minecraft:furnace":4,"minecraft:bone_meal":78,"minecraft:flint_and_steel":1,"minecraft:diamond_leggings":1,"minecraft:iron_boots":60,"minecraft:iron_axe":3,"minecraft:spruce_slab":24,"minecraft:stone_pickaxe":1,"minecraft:chest":16,"minecraft:diamond_boots":1,"minecraft:oak_button":64,"minecraft:stone_hoe":1,"minecraft:wheat":27,"minecraft:cooked_beef":40,"minecraft:emerald":440,"minecraft:cooked_porkchop":2,"minecraft:crafting_table":2,"minecraft:spruce_planks":11180,"minecraft:wooden_pickaxe":1,"minecraft:chainmail_chestplate":5,"minecraft:fletching_table":3,"minecraft:bucket":1,"minecraft:birch_planks":4,"minecraft:campfire":9,"minecraft:stone_axe":26,"minecraft:enchanted_book":2,"minecraft:bread":9,"minecraft:air":0,"minecraft:oak_fence_gate":9,"minecraft:tnt":4,"minecraft:iron_chestplate":1,"minecraft:book":4,"minecraft:paper":21,"minecraft:diamond_pickaxe":1,"minecraft:shield":1,"minecraft:stick":20888,"minecraft:iron_ingot":28,"minecraft:iron_pickaxe":1,"minecraft:stone_sword":1,"minecraft:iron_shovel":2,"minecraft:iron_leggings":12,"minecraft:torch":16,"minecraft:shears":1,"minecraft:diamond_chestplate":1},"minecraft:broken":{"minecraft:stone_sword":1,"minecraft:stone_axe":1,"minecraft:iron_pickaxe":1},"minecraft:used":{"minecraft:stone_sword":149,"minecraft:iron_shovel":307,"minecraft:flint_and_steel":29,"minecraft:chest":15,"minecraft:spruce_planks":18,"minecraft:shield":8,"minecraft:bell":2,"minecraft:stone_hoe":33,"minecraft:cooked_chicken":4,"minecraft:torch":19,"minecraft:dirt":264,"minecraft:carrot":23,"minecraft:iron_axe":268,"minecraft:oak_stairs":4,"minecraft:iron_boots":1,"minecraft:smooth_basalt":3,"minecraft:oak_sapling":20,"minecraft:furnace":6,"minecraft:egg":1,"minecraft:cooked_beef":18,"minecraft:potato":133,"minecraft:cobbled_deepslate":111,"minecraft:iron_leggings":2,"minecraft:wheat_seeds":2,"minecraft:water_bucket":54,"minecraft:diorite":6,"minecraft:diamond_boots":1,"minecraft:oak_planks":195,"minecraft:stone_pickaxe":50,"minecraft:baked_potato":1,"minecraft:wooden_pickaxe":19,"minecraft:spruce_sign":1,"minecraft:fletching_table":12,"minecraft:sugar_cane":15,"minecraft:mossy_cobblestone":6,"minecraft:tnt":4,"minecraft:crafting_table":12,"minecraft:blast_furnace":2,"minecraft:white_bed":2,"minecraft:shears":81,"minecraft:smoker":2,"minecraft:spruce_log":1,"minecraft:diamond_pickaxe":230,"minecraft:bread":3,"minecraft:chicken":1,"minecraft:iron_pickaxe":248,"minecraft:spruce_sapling":242,"minecraft:gravel":20,"minecraft:stone_axe":121,"minecraft:cobblestone":78,"minecraft:cooked_porkchop":3,"minecraft:smithing_table":1,"minecraft:bucket":55,"minecraft:yellow_bed":3,"minecraft:bone_meal":78}},"DataVersion":4082}