{"stats":{"minecraft:mined":{"minecraft:large_amethyst_bud":1,"minecraft:white_bed":1,"minecraft:mossy_cobblestone":12,"minecraft:deepslate_diamond_ore":7,"minecraft:cobblestone_stairs":2,"minecraft:budding_amethyst":3,"minecraft:grass_block":162,"minecraft:spruce_leaves":6,"minecraft:hay_block":10,"minecraft:spruce_sapling":5,"minecraft:furnace":4,"minecraft:carrots":14,"minecraft:fire":1,"minecraft:iron_ore":11,"minecraft:cobbled_deepslate":5,"minecraft:stripped_spruce_log":1,"minecraft:fletching_table":9,"minecraft:bell":2,"minecraft:potatoes":70,"minecraft:dirt_path":46,"minecraft:deepslate_iron_ore":18,"minecraft:oak_stairs":11,"minecraft:stripped_oak_log":26,"minecraft:stone":50,"minecraft:smithing_table":3,"minecraft:glass_pane":7,"minecraft:smoker":4,"minecraft:amethyst_cluster":5,"minecraft:dandelion":2,"minecraft:crafting_table":9,"minecraft:torch":7,"minecraft:short_grass":72,"minecraft:blast_furnace":2,"minecraft:calcite":4,"minecraft:cobblestone":180,"minecraft:tall_grass":5,"minecraft:lapis_ore":2,"minecraft:oak_planks":46,"minecraft:sugar_cane":10,"minecraft:diorite":9,"minecraft:wall_torch":4,"minecraft:amethyst_block":13,"minecraft:birch_log":1,"minecraft:wheat":6,"minecraft:spruce_log":41,"minecraft:yellow_bed":3,"minecraft:oak_log":116,"minecraft:coal_ore":30,"minecraft:sand":21,"minecraft:gravel":61,"minecraft:dirt":59,"minecraft:smooth_basalt":4,"minecraft:oak_leaves":2,"minecraft:deepslate":107},"minecraft:dropped":{"minecraft:wheat_seeds":17,"minecraft:mossy_cobblestone":6,"minecraft:smithing_table":1,"minecraft:oak_fence":3,"minecraft:feather":14,"minecraft:cobblestone":12,"minecraft:chainmail_helmet":12,"minecraft:cobblestone_stairs":2,"minecraft:stick":66,"minecraft:dirt":26,"minecraft:diorite":1,"minecraft:iron_leggings":14,"minecraft:oak_stairs":7,"minecraft:iron_axe":1,"minecraft:iron_shovel":3,"minecraft:string":3,"minecraft:spruce_sapling":13,"minecraft:dandelion":10,"minecraft:smooth_basalt":1,"minecraft:oak_door":6,"minecraft:stone_axe":31,"minecraft:stone_sword":1,"minecraft:wheat":1,"minecraft:stone_shovel":1,"minecraft:rotten_flesh":15,"minecraft:oak_planks":11,"minecraft:iron_boots":56,"minecraft:smoker":1,"minecraft:chainmail_chestplate":5,"minecraft:poppy":1,"minecraft:potato":81,"minecraft:diamond_pickaxe":1,"minecraft:oak_sapling":12,"minecraft:spider_eye":2,"minecraft:spruce_log":20,"minecraft:arrow":9,"minecraft:bow":2,"minecraft:wooden_pickaxe":1,"minecraft:stone_pickaxe":3,"minecraft:calcite":4},"minecraft:used":{"minecraft:stone_sword":149,"minecraft:iron_shovel":271,"minecraft:flint_and_steel":29,"minecraft:spruce_planks":18,"minecraft:chest":8,"minecraft:shield":8,"minecraft:bell":2,"minecraft:stone_hoe":33,"minecraft:cooked_chicken":4,"minecraft:torch":19,"minecraft:dirt":238,"minecraft:carrot":23,"minecraft:iron_axe":259,"minecraft:oak_stairs":4,"minecraft:iron_boots":1,"minecraft:smooth_basalt":3,"minecraft:oak_sapling":14,"minecraft:furnace":6,"minecraft:egg":1,"minecraft:cooked_beef":14,"minecraft:potato":133,"minecraft:cobbled_deepslate":111,"minecraft:iron_leggings":2,"minecraft:wheat_seeds":2,"minecraft:water_bucket":47,"minecraft:diorite":6,"minecraft:diamond_boots":1,"minecraft:baked_potato":1,"minecraft:stone_pickaxe":50,"minecraft:oak_planks":195,"minecraft:wooden_pickaxe":19,"minecraft:fletching_table":12,"minecraft:sugar_cane":15,"minecraft:mossy_cobblestone":6,"minecraft:tnt":4,"minecraft:crafting_table":11,"minecraft:blast_furnace":2,"minecraft:white_bed":1,"minecraft:smoker":2,"minecraft:spruce_log":1,"minecraft:diamond_pickaxe":175,"minecraft:chicken":1,"minecraft:bread":3,"minecraft:iron_pickaxe":248,"minecraft:spruce_sapling":222,"minecraft:gravel":20,"minecraft:stone_axe":117,"minecraft:cobblestone":75,"minecraft:cooked_porkchop":3,"minecraft:smithing_table":1,"minecraft:bucket":48,"minecraft:yellow_bed":3,"minecraft:bone_meal":78},"minecraft:custom":{"minecraft:mob_kills":61,"minecraft:interact_with_crafting_table":54,"minecraft:bell_ring":19,"minecraft:leave_game":3,"minecraft:time_since_death":169224,"minecraft:sprint_one_cm":628914,"minecraft:walk_one_cm":478462,"minecraft:damage_blocked_by_shield":306,"minecraft:drop":205,"minecraft:talked_to_villager":144,"minecraft:play_time":169224,"minecraft:sneak_time":14099,"minecraft:walk_under_water_one_cm":3359,"minecraft:jump":2610,"minecraft:interact_with_blast_furnace":4,"minecraft:walk_on_water_one_cm":10352,"minecraft:total_world_time":169224,"minecraft:interact_with_furnace":40,"minecraft:traded_with_villager":395,"minecraft:sleep_in_bed":7,"minecraft:time_since_rest":34467,"minecraft:damage_taken":1093,"minecraft:damage_dealt":10161,"minecraft:player_kills":1,"minecraft:fly_one_cm":508170,"minecraft:swim_one_cm":3696,"minecraft:open_chest":206,"minecraft:crouch_one_cm":47293,"minecraft:fall_one_cm":54158},"minecraft:picked_up":{"minecraft:crafting_table":9,"minecraft:wheat":1,"minecraft:chicken":6,"minecraft:smithing_table":3,"minecraft:oak_stairs":11,"minecraft:amethyst_block":13,"minecraft:string":3,"minecraft:iron_leggings":2,"minecraft:iron_shovel":2,"minecraft:cobbled_deepslate":111,"minecraft:spruce_planks":50,"minecraft:beef":40,"minecraft:calcite":4,"minecraft:poppy":1,"minecraft:sugar_cane":15,"minecraft:furnace":4,"minecraft:egg":1,"minecraft:stick":280,"minecraft:raw_iron":29,"minecraft:oak_door":6,"minecraft:oak_fence":3,"minecraft:torch":23,"minecraft:porkchop":7,"minecraft:diorite":7,"minecraft:carrot":35,"minecraft:stone_sword":1,"minecraft:arrow":16,"minecraft:rotten_flesh":15,"minecraft:hay_block":10,"minecraft:cobblestone":231,"minecraft:stripped_oak_log":26,"minecraft:birch_log":1,"minecraft:feather":14,"minecraft:leather":35,"minecraft:smoker":3,"minecraft:potato":211,"minecraft:flint":8,"minecraft:oak_log":141,"minecraft:yellow_bed":3,"minecraft:gunpowder":1,"minecraft:cobblestone_stairs":4,"minecraft:lapis_lazuli":17,"minecraft:dirt":328,"minecraft:bone":13,"minecraft:apple":6,"minecraft:bow":2,"minecraft:wheat_seeds":24,"minecraft:bell":2,"minecraft:iron_ingot":6,"minecraft:stone_pickaxe":2,"minecraft:fletching_table":9,"minecraft:oak_planks":45,"minecraft:smooth_basalt":4,"minecraft:cooked_porkchop":1,"minecraft:dandelion":10,"minecraft:poisonous_potato":1,"minecraft:gravel":61,"minecraft:sand":21,"minecraft:amethyst_shard":20,"minecraft:stripped_spruce_log":1,"minecraft:spruce_sapling":225,"minecraft:blast_furnace":2,"minecraft:white_bed":1,"minecraft:spruce_log":1970,"minecraft:spider_eye":2,"minecraft:mossy_cobblestone":14,"minecraft:stone_axe":8,"minecraft:diamond":7,"minecraft:baked_potato":1,"minecraft:oak_sapling":26,"minecraft:coal":73},"minecraft:crafted":{"minecraft:oak_planks":608,"minecraft:chainmail_helmet":12,"minecraft:stone_shovel":1,"minecraft:cooked_chicken":4,"minecraft:furnace":2,"minecraft:bone_meal":78,"minecraft:flint_and_steel":1,"minecraft:diamond_leggings":1,"minecraft:iron_boots":60,"minecraft:iron_axe":2,"minecraft:stone_pickaxe":1,"minecraft:chest":8,"minecraft:diamond_boots":1,"minecraft:oak_button":64,"minecraft:stone_hoe":1,"minecraft:wheat":27,"minecraft:cooked_beef":40,"minecraft:emerald":306,"minecraft:cooked_porkchop":2,"minecraft:crafting_table":2,"minecraft:spruce_planks":7800,"minecraft:wooden_pickaxe":1,"minecraft:chainmail_chestplate":5,"minecraft:fletching_table":3,"minecraft:bucket":1,"minecraft:birch_planks":4,"minecraft:stone_axe":24,"minecraft:bread":9,"minecraft:air":0,"minecraft:tnt":4,"minecraft:iron_chestplate":1,"minecraft:diamond_pickaxe":1,"minecraft:shield":1,"minecraft:stick":16140,"minecraft:iron_ingot":28,"minecraft:iron_pickaxe":1,"minecraft:stone_sword":1,"minecraft:iron_shovel":2,"minecraft:iron_leggings":12,"minecraft:torch":8},"minecraft:broken":{"minecraft:stone_sword":1,"minecraft:stone_axe":1,"minecraft:iron_pickaxe":1},"minecraft:killed":{"minecraft:spider":3,"minecraft:skeleton":14,"minecraft:chicken":5,"minecraft:wolf":2,"minecraft:pig":3,"minecraft:iron_golem":1,"minecraft:zombie":11,"minecraft:villager":3,"minecraft:cow":18}},"DataVersion":4082}