{"stats":{"minecraft:crafted":{"minecraft:oak_planks":140,"minecraft:cooked_chicken":6,"minecraft:furnace":1,"minecraft:cooked_mutton":5,"minecraft:flint_and_steel":1,"minecraft:iron_boots":1,"minecraft:iron_axe":1,"minecraft:stone_pickaxe":1,"minecraft:stone_hoe":1,"minecraft:oak_fence":3,"minecraft:smoker":1,"minecraft:cooked_beef":13,"minecraft:emerald":24,"minecraft:cooked_porkchop":3,"minecraft:crafting_table":4,"minecraft:spruce_planks":884,"minecraft:wooden_pickaxe":2,"minecraft:baked_potato":18,"minecraft:iron_helmet":1,"minecraft:iron_sword":1,"minecraft:bucket":1,"minecraft:stone_axe":2,"minecraft:air":0,"minecraft:oak_boat":1,"minecraft:iron_chestplate":1,"minecraft:gold_nugget":162,"minecraft:stick":1772,"minecraft:iron_ingot":100,"minecraft:iron_pickaxe":2,"minecraft:wooden_axe":1,"minecraft:stone_sword":1,"minecraft:iron_leggings":1,"minecraft:gold_ingot":18,"minecraft:torch":16,"minecraft:diamond_chestplate":1,"minecraft:golden_carrot":20},"minecraft:custom":{"minecraft:mob_kills":61,"minecraft:interact_with_crafting_table":24,"minecraft:bell_ring":2,"minecraft:leave_game":15,"minecraft:time_since_death":129772,"minecraft:sprint_one_cm":387673,"minecraft:walk_one_cm":177177,"minecraft:drop":148,"minecraft:talked_to_villager":13,"minecraft:play_time":206984,"minecraft:deaths":1,"minecraft:sneak_time":9409,"minecraft:walk_under_water_one_cm":4088,"minecraft:boat_one_cm":38557,"minecraft:jump":3489,"minecraft:interact_with_blast_furnace":18,"minecraft:walk_on_water_one_cm":17324,"minecraft:total_world_time":206984,"minecraft:interact_with_furnace":25,"minecraft:traded_with_villager":25,"minecraft:sleep_in_bed":11,"minecraft:time_since_rest":9065,"minecraft:damage_taken":1035,"minecraft:damage_dealt":9466,"minecraft:swim_one_cm":6918,"minecraft:fly_one_cm":653006,"minecraft:open_chest":55,"minecraft:crouch_one_cm":28968,"minecraft:interact_with_smoker":15,"minecraft:fall_one_cm":80339,"minecraft:horse_one_cm":400339},"minecraft:used":{"minecraft:oak_fence":1,"minecraft:stone_sword":87,"minecraft:flint_and_steel":2,"minecraft:iron_sword":105,"minecraft:cooked_chicken":2,"minecraft:stone_hoe":49,"minecraft:netherrack":59,"minecraft:torch":21,"minecraft:dirt":65,"minecraft:mutton":1,"minecraft:carrot":3,"minecraft:yellow_carpet":2,"minecraft:obsidian":20,"minecraft:diamond_chestplate":1,"minecraft:furnace":2,"minecraft:egg":1,"minecraft:cooked_beef":1,"minecraft:potato":51,"minecraft:cobbled_deepslate":7,"minecraft:wheat_seeds":8,"minecraft:cooked_mutton":4,"minecraft:water_bucket":25,"minecraft:stone_pickaxe":131,"minecraft:oak_planks":81,"minecraft:baked_potato":18,"minecraft:wooden_pickaxe":15,"minecraft:fletching_table":3,"minecraft:crafting_table":6,"minecraft:blast_furnace":1,"minecraft:white_bed":4,"minecraft:smoker":2,"minecraft:spruce_log":1,"minecraft:oak_log":1,"minecraft:diamond_pickaxe":432,"minecraft:iron_pickaxe":483,"minecraft:spruce_sapling":11,"minecraft:stone_axe":1,"minecraft:cobblestone":163,"minecraft:cooked_porkchop":3,"minecraft:bucket":26,"minecraft:oak_boat":4},"minecraft:dropped":{"minecraft:stone_hoe":1,"minecraft:porkchop":4,"minecraft:wheat_seeds":17,"minecraft:oak_log":3,"minecraft:mossy_cobblestone":1,"minecraft:feather":2,"minecraft:poisonous_potato":2,"minecraft:oak_fence":2,"minecraft:cobblestone":73,"minecraft:apple":1,"minecraft:leather":21,"minecraft:granite":17,"minecraft:fletching_table":1,"minecraft:chainmail_helmet":1,"minecraft:grass_block":1,"minecraft:stick":16,"minecraft:flint":2,"minecraft:dirt":33,"minecraft:diorite":23,"minecraft:torch":8,"minecraft:cornflower":4,"minecraft:mutton":2,"minecraft:wooden_axe":3,"minecraft:iron_leggings":2,"minecraft:gold_nugget":8,"minecraft:iron_axe":4,"minecraft:iron_pickaxe":1,"minecraft:string":5,"minecraft:white_wool":4,"minecraft:spruce_sapling":19,"minecraft:dandelion":5,"minecraft:bone":6,"minecraft:stone_axe":2,"minecraft:blackstone":5,"minecraft:soul_soil":3,"minecraft:cobbled_deepslate":25,"minecraft:stone_sword":2,"minecraft:raw_copper":11,"minecraft:stone_shovel":1,"minecraft:obsidian":1,"minecraft:rotten_flesh":14,"minecraft:oak_planks":41,"minecraft:stripped_oak_log":2,"minecraft:chainmail_chestplate":6,"minecraft:poppy":1,"minecraft:potato":69,"minecraft:iron_chestplate":1,"minecraft:andesite":15,"minecraft:oak_sapling":12,"minecraft:spider_eye":4,"minecraft:spruce_log":1,"minecraft:basalt":63,"minecraft:arrow":3,"minecraft:bow":1,"minecraft:wooden_pickaxe":2,"minecraft:stone_pickaxe":1,"minecraft:black_wool":1,"minecraft:netherrack":111,"minecraft:egg":1},"minecraft:killed_by":{"minecraft:player":1},"minecraft:broken":{"minecraft:stone_pickaxe":1,"minecraft:iron_pickaxe":1},"minecraft:picked_up":{"minecraft:wooden_axe":2,"minecraft:crafting_table":4,"minecraft:wheat":3,"minecraft:chicken":9,"minecraft:cornflower":4,"minecraft:string":5,"minecraft:raw_copper":11,"minecraft:soul_soil":3,"minecraft:iron_axe":2,"minecraft:iron_leggings":2,"minecraft:blackstone":5,"minecraft:gold_nugget":6,"minecraft:cobbled_deepslate":32,"minecraft:beef":18,"minecraft:oak_boat":4,"minecraft:poppy":1,"minecraft:sugar_cane":4,"minecraft:egg":2,"minecraft:furnace":2,"minecraft:stick":33,"minecraft:raw_iron":158,"minecraft:torch":19,"minecraft:porkchop":7,"minecraft:diorite":23,"minecraft:carrot":50,"minecraft:rotten_flesh":16,"minecraft:stone_sword":2,"minecraft:arrow":4,"minecraft:stone_shovel":1,"minecraft:mutton":8,"minecraft:obsidian":28,"minecraft:cobblestone":429,"minecraft:white_wool":4,"minecraft:stripped_oak_log":2,"minecraft:basalt":63,"minecraft:feather":9,"minecraft:cooked_beef":4,"minecraft:andesite":15,"minecraft:leather":29,"minecraft:smoker":1,"minecraft:potato":156,"minecraft:flint":3,"minecraft:oak_log":40,"minecraft:chainmail_chestplate":6,"minecraft:gunpowder":3,"minecraft:dirt":99,"minecraft:lapis_lazuli":90,"minecraft:bone":9,"minecraft:apple":3,"minecraft:bow":1,"minecraft:wheat_seeds":25,"minecraft:raw_gold":18,"minecraft:iron_ingot":6,"minecraft:stone_pickaxe":1,"minecraft:fletching_table":4,"minecraft:oak_planks":18,"minecraft:dandelion":5,"minecraft:poisonous_potato":2,"minecraft:spruce_sapling":44,"minecraft:blast_furnace":1,"minecraft:white_bed":4,"minecraft:spruce_log":334,"minecraft:spider_eye":4,"minecraft:mossy_cobblestone":1,"minecraft:yellow_carpet":2,"minecraft:stone_axe":2,"minecraft:granite":17,"minecraft:chainmail_helmet":1,"minecraft:emerald":1,"minecraft:oak_sapling":12,"minecraft:netherrack":293,"minecraft:black_wool":1,"minecraft:coal":96,"minecraft:diamond_pickaxe":1},"minecraft:killed":{"minecraft:spider":2,"minecraft:horse":4,"minecraft:skeleton":9,"minecraft:chicken":9,"minecraft:piglin":1,"minecraft:pig":5,"minecraft:iron_golem":1,"minecraft:creeper":3,"minecraft:sheep":5,"minecraft:zombie":8,"minecraft:villager":1,"minecraft:enderman":1,"minecraft:cow":12},"minecraft:mined":{"minecraft:nether_gold_ore":2,"minecraft:white_bed":4,"minecraft:mossy_cobblestone":1,"minecraft:obsidian":28,"minecraft:granite":6,"minecraft:grass_block":32,"minecraft:yellow_carpet":2,"minecraft:soul_soil":7,"minecraft:spruce_leaves":1,"minecraft:furnace":2,"minecraft:carrots":15,"minecraft:iron_ore":79,"minecraft:fire":10,"minecraft:andesite":16,"minecraft:deepslate_lapis_ore":1,"minecraft:fletching_table":3,"minecraft:potatoes":45,"minecraft:dirt_path":10,"minecraft:deepslate_iron_ore":47,"minecraft:stone":342,"minecraft:glass_pane":1,"minecraft:blackstone":5,"minecraft:basalt":65,"minecraft:crafting_table":4,"minecraft:torch":8,"minecraft:short_grass":76,"minecraft:blast_furnace":1,"minecraft:cobblestone":20,"minecraft:tall_grass":3,"minecraft:copper_ore":2,"minecraft:deepslate_gold_ore":9,"minecraft:lapis_ore":13,"minecraft:sugar_cane":4,"minecraft:oak_planks":15,"minecraft:diorite":12,"minecraft:wall_torch":7,"minecraft:wheat":6,"minecraft:spruce_log":5,"minecraft:coal_ore":60,"minecraft:oak_log":5,"minecraft:gravel":1,"minecraft:dirt":36,"minecraft:netherrack":300,"minecraft:gold_ore":9,"minecraft:oak_leaves":7,"minecraft:deepslate":27}},"DataVersion":4082}