{"stats":{"minecraft:killed":{"minecraft:cave_spider":19,"minecraft:spider":64,"minecraft:skeleton":22,"minecraft:chicken":11,"minecraft:piglin":1,"minecraft:pig":13,"minecraft:iron_golem":19,"minecraft:creeper":6,"minecraft:sheep":7,"minecraft:trader_llama":3,"minecraft:pillager":8,"minecraft:zombie":33,"minecraft:cow":21,"minecraft:vindicator":2,"minecraft:horse":4,"minecraft:bat":1,"minecraft:wandering_trader":2,"minecraft:ravager":1,"minecraft:villager":3,"minecraft:enderman":2},"minecraft:picked_up":{"minecraft:wooden_axe":2,"minecraft:wheat":86,"minecraft:smithing_table":1,"minecraft:lead":4,"minecraft:diamond_sword":3,"minecraft:oak_stairs":12,"minecraft:enchanted_book":5,"minecraft:amethyst_block":26,"minecraft:string":194,"minecraft:raw_copper":152,"minecraft:soul_soil":3,"minecraft:deepslate_lapis_ore":10,"minecraft:iron_leggings":2,"minecraft:beetroot":2,"minecraft:diamond_leggings":2,"minecraft:gold_nugget":6,"minecraft:cobbled_deepslate":37,"minecraft:spruce_planks":1524,"minecraft:deepslate_iron_ore":75,"minecraft:furnace":5,"minecraft:iron_boots":1,"minecraft:spruce_pressure_plate":19,"minecraft:stick":328,"minecraft:torch":317,"minecraft:porkchop":37,"minecraft:pointed_dripstone":34,"minecraft:diorite":32,"minecraft:stone_sword":2,"minecraft:rotten_flesh":41,"minecraft:deepslate_copper_ore":7,"minecraft:bookshelf":2,"minecraft:obsidian":35,"minecraft:cobblestone":526,"minecraft:enchanting_table":2,"minecraft:feather":24,"minecraft:cooked_beef":4,"minecraft:water_bucket":3,"minecraft:andesite":32,"minecraft:smoker":7,"minecraft:potato":1119,"minecraft:flint":18,"minecraft:tuff":46,"minecraft:acacia_boat":1,"minecraft:dirt":311,"minecraft:lapis_lazuli":530,"minecraft:name_tag":9,"minecraft:glass":129,"minecraft:bone":27,"minecraft:chipped_anvil":1,"minecraft:bow":2,"minecraft:wheat_seeds":292,"minecraft:raw_gold":47,"minecraft:bell":2,"minecraft:grindstone":2,"minecraft:diamond_helmet":1,"minecraft:fletching_table":24,"minecraft:glowstone_dust":2,"minecraft:oak_planks":46,"minecraft:stone_hoe":1,"minecraft:poisonous_potato":7,"minecraft:sand":215,"minecraft:mossy_cobblestone":8,"minecraft:yellow_carpet":3,"minecraft:deepslate":262,"minecraft:diamond":64,"minecraft:deepslate_gold_ore":24,"minecraft:granite":37,"minecraft:emerald":52,"minecraft:golden_apple":7,"minecraft:spruce_button":3,"minecraft:spruce_sign":2,"minecraft:bread":11,"minecraft:chainmail_helmet":1,"minecraft:oak_sapling":60,"minecraft:netherrack":369,"minecraft:oak_leaves":64,"minecraft:diamond_pickaxe":12,"minecraft:crafting_table":6,"minecraft:ominous_bottle":1,"minecraft:chicken":13,"minecraft:ladder":2,"minecraft:chest_minecart":1,"minecraft:shield":1,"minecraft:cornflower":5,"minecraft:oak_trapdoor":4,"minecraft:iron_axe":10,"minecraft:iron_shovel":1,"minecraft:blackstone":9,"minecraft:detector_rail":1,"minecraft:deepslate_diamond_ore":33,"minecraft:beef":37,"minecraft:oak_boat":6,"minecraft:minecart":25,"minecraft:light_gray_wool":2,"minecraft:poppy":19,"minecraft:spruce_slab":109,"minecraft:lectern":188,"minecraft:sugar_cane":310,"minecraft:chest":33,"minecraft:spruce_trapdoor":4,"minecraft:copper_ore":62,"minecraft:egg":2,"minecraft:raw_iron":696,"minecraft:stone":301,"minecraft:oak_door":1,"minecraft:spruce_fence":9,"minecraft:carrot":94,"minecraft:redstone":90,"minecraft:diamond_chestplate":2,"minecraft:arrow":20,"minecraft:stone_shovel":1,"minecraft:beetroot_seeds":1,"minecraft:shears":2,"minecraft:diamond_boots":2,"minecraft:saddle":1,"minecraft:gold_ingot":3,"minecraft:glow_berries":2,"minecraft:mutton":12,"minecraft:white_wool":246,"minecraft:rail":191,"minecraft:lapis_ore":16,"minecraft:stripped_oak_log":2,"minecraft:basalt":82,"minecraft:leather":81,"minecraft:oak_log":40,"minecraft:chainmail_chestplate":6,"minecraft:gunpowder":12,"minecraft:cobblestone_stairs":2,"minecraft:white_banner":2,"minecraft:spawner":9,"minecraft:apple":11,"minecraft:kelp":360,"minecraft:iron_ore":96,"minecraft:iron_ingot":140,"minecraft:oak_fence_gate":9,"minecraft:stone_pickaxe":1,"minecraft:cooked_chicken":4,"minecraft:iron_sword":1,"minecraft:book":15,"minecraft:oak_slab":2,"minecraft:smooth_basalt":3,"minecraft:dandelion":10,"minecraft:raw_iron_block":1,"minecraft:dripstone_block":6,"minecraft:gravel":57,"minecraft:amethyst_shard":20,"minecraft:spruce_sapling":415,"minecraft:blast_furnace":2,"minecraft:white_bed":24,"minecraft:spruce_log":3688,"minecraft:gold_ore":36,"minecraft:spider_eye":30,"minecraft:coal_ore":45,"minecraft:stone_axe":3,"minecraft:diamond_axe":2,"minecraft:deepslate_redstone_ore":58,"minecraft:redstone_ore":29,"minecraft:gray_wool":3,"minecraft:oak_button":65,"minecraft:baked_potato":66,"minecraft:melon_seeds":4,"minecraft:black_wool":1,"minecraft:coal":197,"minecraft:hopper":9,"minecraft:ender_pearl":2},"minecraft:custom":{"minecraft:animals_bred":38,"minecraft:interact_with_crafting_table":125,"minecraft:bell_ring":63,"minecraft:leave_game":20,"minecraft:time_since_death":108401,"minecraft:sprint_one_cm":2045108,"minecraft:damage_blocked_by_shield":10,"minecraft:drop":652,"minecraft:talked_to_villager":605,"minecraft:play_time":882117,"minecraft:deaths":9,"minecraft:jump":16012,"minecraft:walk_on_water_one_cm":151097,"minecraft:enchant_item":2,"minecraft:interact_with_furnace":45,"minecraft:traded_with_villager":388,"minecraft:sleep_in_bed":31,"minecraft:damage_dealt":49263,"minecraft:crouch_one_cm":258726,"minecraft:interact_with_smoker":40,"minecraft:horse_one_cm":400339,"minecraft:mob_kills":255,"minecraft:interact_with_anvil":4,"minecraft:inspect_hopper":9,"minecraft:climb_one_cm":67589,"minecraft:walk_one_cm":863060,"minecraft:raid_win":1,"minecraft:sneak_time":71408,"minecraft:walk_under_water_one_cm":117433,"minecraft:boat_one_cm":41919,"minecraft:interact_with_blast_furnace":28,"minecraft:total_world_time":882117,"minecraft:raid_trigger":1,"minecraft:interact_with_grindstone":2,"minecraft:time_since_rest":108425,"minecraft:damage_taken":9424,"minecraft:minecart_one_cm":1974,"minecraft:swim_one_cm":28813,"minecraft:fly_one_cm":3235989,"minecraft:open_chest":627,"minecraft:fall_one_cm":435589},"minecraft:crafted":{"minecraft:grindstone":1,"minecraft:oak_planks":152,"minecraft:cooked_chicken":6,"minecraft:stone":3,"minecraft:bookshelf":4,"minecraft:spruce_pressure_plate":24,"minecraft:cooked_mutton":5,"minecraft:glass":192,"minecraft:hopper":9,"minecraft:diamond_helmet":2,"minecraft:diamond_leggings":2,"minecraft:iron_boots":1,"minecraft:chest":45,"minecraft:oak_button":1,"minecraft:rail":336,"minecraft:stone_hoe":1,"minecraft:oak_fence":3,"minecraft:smoker":1,"minecraft:emerald":372,"minecraft:cooked_porkchop":31,"minecraft:diamond_axe":1,"minecraft:crafting_table":13,"minecraft:spruce_planks":10744,"minecraft:wooden_pickaxe":2,"minecraft:baked_potato":149,"minecraft:iron_helmet":1,"minecraft:fletching_table":20,"minecraft:spruce_trapdoor":26,"minecraft:lectern":1,"minecraft:iron_chestplate":1,"minecraft:book":12,"minecraft:paper":132,"minecraft:shield":2,"minecraft:stick":13890,"minecraft:stone_slab":6,"minecraft:iron_ingot":244,"minecraft:iron_pickaxe":2,"minecraft:iron_block":14,"minecraft:stone_sword":1,"minecraft:gold_ingot":18,"minecraft:spruce_fence_gate":9,"minecraft:shears":2,"minecraft:golden_carrot":20,"minecraft:redstone":18,"minecraft:raw_iron":9,"minecraft:coal":36,"minecraft:spruce_button":11,"minecraft:furnace":1,"minecraft:spruce_fence":102,"minecraft:flint_and_steel":1,"minecraft:iron_axe":6,"minecraft:ladder":237,"minecraft:spruce_slab":384,"minecraft:stone_pickaxe":1,"minecraft:diamond_boots":2,"minecraft:redstone_block":3,"minecraft:minecart":2,"minecraft:cooked_beef":13,"minecraft:spruce_sign":18,"minecraft:enchanting_table":1,"minecraft:iron_sword":1,"minecraft:bucket":2,"minecraft:stone_axe":2,"minecraft:enchanted_book":4,"minecraft:air":0,"minecraft:oak_boat":1,"minecraft:gold_nugget":162,"minecraft:flint":30,"minecraft:wooden_axe":1,"minecraft:iron_shovel":1,"minecraft:iron_leggings":1,"minecraft:anvil":1,"minecraft:white_bed":46,"minecraft:torch":96,"minecraft:lapis_block":9,"minecraft:diamond_chestplate":2},"minecraft:dropped":{"minecraft:spruce_sign":5,"minecraft:iron_sword":1,"minecraft:diamond_axe":2,"minecraft:porkchop":11,"minecraft:lapis_lazuli":212,"minecraft:oak_log":3,"minecraft:baked_potato":67,"minecraft:diamond":53,"minecraft:crafting_table":4,"minecraft:glow_berries":2,"minecraft:chest_minecart":1,"minecraft:leather":24,"minecraft:fletching_table":21,"minecraft:saddle":1,"minecraft:rail":11,"minecraft:emerald":127,"minecraft:flint":2,"minecraft:dirt":58,"minecraft:deepslate_gold_ore":1,"minecraft:cornflower":5,"minecraft:mutton":6,"minecraft:gold_nugget":8,"minecraft:iron_pickaxe":1,"minecraft:white_wool":70,"minecraft:gold_ingot":5,"minecraft:bone":19,"minecraft:oak_door":1,"minecraft:gravel":17,"minecraft:stone_axe":3,"minecraft:blackstone":9,"minecraft:sugar_cane":7,"minecraft:detector_rail":1,"minecraft:cobbled_deepslate":28,"minecraft:pointed_dripstone":21,"minecraft:netherite_sword":1,"minecraft:wheat":4,"minecraft:obsidian":1,"minecraft:beetroot":2,"minecraft:grindstone":1,"minecraft:rotten_flesh":32,"minecraft:oak_planks":52,"minecraft:green_banner":64,"minecraft:chainmail_chestplate":6,"minecraft:poppy":19,"minecraft:oak_fence_gate":18,"minecraft:gunpowder":2,"minecraft:deepslate_copper_ore":7,"minecraft:coal_ore":45,"minecraft:beetroot_seeds":1,"minecraft:melon_seeds":4,"minecraft:spruce_pressure_plate":4,"minecraft:ladder":89,"minecraft:spruce_slab":90,"minecraft:iron_ore":32,"minecraft:basalt":72,"minecraft:arrow":13,"minecraft:beef":2,"minecraft:water_bucket":2,"minecraft:netherrack":123,"minecraft:enchanting_table":1,"minecraft:lectern":4,"minecraft:spawner":6,"minecraft:egg":1,"minecraft:iron_ingot":115,"minecraft:enchanted_book":3,"minecraft:stone_hoe":2,"minecraft:bread":1,"minecraft:oak_slab":2,"minecraft:wheat_seeds":176,"minecraft:deepslate_redstone_ore":58,"minecraft:deepslate_iron_ore":64,"minecraft:mossy_cobblestone":6,"minecraft:dripstone_block":6,"minecraft:diamond_leggings":2,"minecraft:poisonous_potato":6,"minecraft:feather":2,"minecraft:oak_fence":2,"minecraft:iron_helmet":1,"minecraft:cobblestone":155,"minecraft:book":14,"minecraft:apple":1,"minecraft:amethyst_block":13,"minecraft:granite":37,"minecraft:spruce_button":11,"minecraft:golden_apple":6,"minecraft:coal":236,"minecraft:grass_block":1,"minecraft:chainmail_helmet":1,"minecraft:yellow_carpet":1,"minecraft:stick":141,"minecraft:gray_wool":3,"minecraft:diorite":32,"minecraft:torch":116,"minecraft:wooden_axe":4,"minecraft:diamond_helmet":1,"minecraft:iron_leggings":7,"minecraft:oak_stairs":2,"minecraft:white_banner":64,"minecraft:iron_axe":13,"minecraft:iron_shovel":63,"minecraft:string":191,"minecraft:spruce_sapling":68,"minecraft:dandelion":10,"minecraft:smooth_basalt":3,"minecraft:soul_soil":3,"minecraft:oak_trapdoor":6,"minecraft:stone_sword":4,"minecraft:raw_copper":152,"minecraft:deepslate":162,"minecraft:tuff":46,"minecraft:raw_iron":577,"minecraft:stone_shovel":1,"minecraft:chicken":3,"minecraft:light_gray_wool":2,"minecraft:iron_boots":16,"minecraft:stripped_oak_log":2,"minecraft:name_tag":8,"minecraft:spruce_fence":42,"minecraft:shears":3,"minecraft:copper_ore":62,"minecraft:diamond_sword":3,"minecraft:potato":1194,"minecraft:stone":123,"minecraft:shield":2,"minecraft:oak_button":1,"minecraft:diamond_chestplate":2,"minecraft:spruce_trapdoor":21,"minecraft:spruce_planks":705,"minecraft:diamond_pickaxe":11,"minecraft:iron_chestplate":1,"minecraft:andesite":32,"minecraft:oak_sapling":12,"minecraft:spider_eye":28,"minecraft:diamond_boots":2,"minecraft:spruce_log":718,"minecraft:bow":2,"minecraft:stone_pickaxe":2,"minecraft:wooden_pickaxe":2,"minecraft:raw_gold":26,"minecraft:black_wool":1},"minecraft:mined":{"minecraft:spruce_planks":839,"minecraft:white_bed":11,"minecraft:obsidian":28,"minecraft:spruce_trapdoor":4,"minecraft:granite":37,"minecraft:grass_block":153,"minecraft:yellow_carpet":3,"minecraft:soul_soil":7,"minecraft:hopper":9,"minecraft:spawner":5,"minecraft:raw_iron_block":1,"minecraft:iron_ore":79,"minecraft:fire":10,"minecraft:fletching_table":3,"minecraft:deepslate_lapis_ore":1,"minecraft:enchanting_table":1,"minecraft:pointed_dripstone":4,"minecraft:dirt_path":42,"minecraft:oak_stairs":10,"minecraft:spruce_pressure_plate":23,"minecraft:spruce_slab":66,"minecraft:blackstone":9,"minecraft:kelp_plant":1,"minecraft:smoker":6,"minecraft:torch":34,"minecraft:blast_furnace":2,"minecraft:chest":24,"minecraft:spruce_wall_sign":1,"minecraft:glass":10,"minecraft:cobblestone":48,"minecraft:sugar_cane":219,"minecraft:grindstone":2,"minecraft:oak_planks":39,"minecraft:wall_torch":53,"minecraft:wheat":89,"minecraft:oak_log":5,"minecraft:sand":213,"minecraft:dirt":52,"minecraft:smooth_basalt":3,"minecraft:netherrack":303,"minecraft:oak_leaves":8,"minecraft:deepslate":292,"minecraft:nether_gold_ore":2,"minecraft:tuff":46,"minecraft:mossy_cobblestone":7,"minecraft:glow_lichen":1,"minecraft:ladder":2,"minecraft:spruce_fence":9,"minecraft:spruce_leaves":9,"minecraft:kelp":1,"minecraft:redstone_ore":2,"minecraft:oak_trapdoor":6,"minecraft:spruce_sapling":4,"minecraft:furnace":2,"minecraft:carrots":15,"minecraft:andesite":33,"minecraft:bell":2,"minecraft:bookshelf":5,"minecraft:potatoes":308,"minecraft:deepslate_iron_ore":49,"minecraft:rail":163,"minecraft:stone":729,"minecraft:white_wool":2,"minecraft:podzol":1,"minecraft:glass_pane":5,"minecraft:basalt":80,"minecraft:dandelion":1,"minecraft:crafting_table":7,"minecraft:short_grass":438,"minecraft:lectern":184,"minecraft:copper_ore":2,"minecraft:tall_grass":29,"minecraft:lapis_ore":13,"minecraft:deepslate_gold_ore":9,"minecraft:diorite":21,"minecraft:spruce_log":22,"minecraft:coal_ore":63,"minecraft:dripstone_block":6,"minecraft:gravel":24,"minecraft:cobweb":14,"minecraft:chipped_anvil":1,"minecraft:gold_ore":9},"minecraft:used":{"minecraft:iron_shovel":327,"minecraft:spruce_slab":351,"minecraft:ladder":150,"minecraft:chest":53,"minecraft:shield":1,"minecraft:stone":101,"minecraft:iron_sword":260,"minecraft:zombie_spawn_egg":2,"minecraft:bell":2,"minecraft:soul_sand":1,"minecraft:mutton":1,"minecraft:skeleton_spawn_egg":2,"minecraft:carrot":3,"minecraft:obsidian":20,"minecraft:glass":136,"minecraft:deepslate_diamond_ore":33,"minecraft:ominous_bottle":1,"minecraft:furnace":5,"minecraft:egg":1,"minecraft:potato":381,"minecraft:diamond_boots":1,"minecraft:stone_pickaxe":131,"minecraft:oak_planks":93,"minecraft:wooden_pickaxe":15,"minecraft:diamond_axe":1170,"minecraft:sugar_cane":39,"minecraft:oak_leaves":64,"minecraft:blast_furnace":4,"minecraft:deepslate_lapis_ore":10,"minecraft:deepslate_iron_ore":11,"minecraft:bread":1,"minecraft:lectern":185,"minecraft:deepslate":100,"minecraft:gravel":10,"minecraft:diamond_sword":376,"minecraft:grindstone":2,"minecraft:bone_meal":61,"minecraft:oak_boat":6,"minecraft:oak_trapdoor":7,"minecraft:oak_fence":1,"minecraft:netherite_sword":25,"minecraft:enchanting_table":2,"minecraft:stone_sword":87,"minecraft:flint_and_steel":2,"minecraft:redstone_ore":29,"minecraft:spruce_planks":3546,"minecraft:deepslate_gold_ore":23,"minecraft:stone_hoe":129,"minecraft:cooked_chicken":2,"minecraft:netherrack":118,"minecraft:torch":272,"minecraft:dirt":133,"minecraft:anvil":1,"minecraft:hopper":21,"minecraft:diamond_helmet":1,"minecraft:yellow_carpet":2,"minecraft:spruce_fence":69,"minecraft:chipped_anvil":1,"minecraft:bookshelf":3,"minecraft:iron_axe":81,"minecraft:spruce_button":5,"minecraft:spawner":14,"minecraft:diamond_chestplate":2,"minecraft:basalt":10,"minecraft:golden_carrot":13,"minecraft:minecart":25,"minecraft:cooked_beef":5,"minecraft:cobbled_deepslate":7,"minecraft:wheat_seeds":114,"minecraft:cooked_mutton":4,"minecraft:water_bucket":108,"minecraft:iron_ore":64,"minecraft:baked_potato":135,"minecraft:spruce_sign":17,"minecraft:fletching_table":23,"minecraft:spruce_fence_gate":9,"minecraft:gold_ore":36,"minecraft:rail":490,"minecraft:crafting_table":13,"minecraft:white_bed":55,"minecraft:campfire":9,"minecraft:spruce_log":14,"minecraft:smoker":8,"minecraft:oak_log":1,"minecraft:diamond_pickaxe":1469,"minecraft:lapis_ore":16,"minecraft:oak_button":1,"minecraft:iron_pickaxe":483,"minecraft:spruce_pressure_plate":27,"minecraft:spruce_trapdoor":132,"minecraft:spruce_sapling":11,"minecraft:stone_axe":1,"minecraft:cobblestone":177,"minecraft:white_banner":1,"minecraft:cooked_porkchop":8,"minecraft:bucket":106,"minecraft:kelp":129,"minecraft:diamond_leggings":1},"minecraft:killed_by":{"minecraft:player":1},"minecraft:broken":{"minecraft:stone_pickaxe":1,"minecraft:iron_sword":1,"minecraft:diamond_axe":1,"minecraft:iron_axe":1,"minecraft:iron_pickaxe":1}},"DataVersion":4082}