{"stats":{"minecraft:crafted":{"minecraft:grindstone":1,"minecraft:oak_planks":152,"minecraft:cooked_chicken":6,"minecraft:stone":3,"minecraft:bookshelf":3,"minecraft:cooked_mutton":5,"minecraft:diamond_helmet":1,"minecraft:diamond_leggings":1,"minecraft:iron_boots":1,"minecraft:chest":16,"minecraft:rail":144,"minecraft:stone_hoe":1,"minecraft:oak_fence":3,"minecraft:smoker":1,"minecraft:emerald":184,"minecraft:cooked_porkchop":14,"minecraft:crafting_table":6,"minecraft:spruce_planks":4172,"minecraft:iron_helmet":1,"minecraft:baked_potato":136,"minecraft:wooden_pickaxe":2,"minecraft:lectern":1,"minecraft:iron_chestplate":1,"minecraft:book":12,"minecraft:paper":36,"minecraft:stick":6916,"minecraft:stone_slab":6,"minecraft:iron_ingot":143,"minecraft:iron_pickaxe":2,"minecraft:stone_sword":1,"minecraft:gold_ingot":18,"minecraft:golden_carrot":20,"minecraft:furnace":1,"minecraft:spruce_fence":102,"minecraft:flint_and_steel":1,"minecraft:iron_axe":5,"minecraft:spruce_slab":6,"minecraft:stone_pickaxe":1,"minecraft:diamond_boots":1,"minecraft:minecart":1,"minecraft:cooked_beef":13,"minecraft:enchanting_table":1,"minecraft:iron_sword":1,"minecraft:bucket":1,"minecraft:stone_axe":2,"minecraft:air":0,"minecraft:oak_boat":1,"minecraft:gold_nugget":162,"minecraft:wooden_axe":1,"minecraft:iron_leggings":1,"minecraft:white_bed":17,"minecraft:torch":16,"minecraft:diamond_chestplate":1},"minecraft:used":{"minecraft:chest":16,"minecraft:iron_sword":188,"minecraft:mutton":1,"minecraft:carrot":3,"minecraft:obsidian":20,"minecraft:furnace":2,"minecraft:egg":1,"minecraft:potato":152,"minecraft:stone_pickaxe":131,"minecraft:oak_planks":81,"minecraft:wooden_pickaxe":15,"minecraft:sugar_cane":38,"minecraft:blast_furnace":1,"minecraft:oak_boat":6,"minecraft:oak_fence":1,"minecraft:enchanting_table":2,"minecraft:stone_sword":87,"minecraft:flint_and_steel":2,"minecraft:spruce_planks":60,"minecraft:stone_hoe":129,"minecraft:cooked_chicken":2,"minecraft:netherrack":118,"minecraft:torch":32,"minecraft:dirt":120,"minecraft:yellow_carpet":2,"minecraft:spruce_fence":69,"minecraft:bookshelf":2,"minecraft:iron_axe":36,"minecraft:diamond_chestplate":1,"minecraft:basalt":10,"minecraft:golden_carrot":2,"minecraft:minecart":1,"minecraft:cooked_beef":5,"minecraft:cobbled_deepslate":7,"minecraft:wheat_seeds":20,"minecraft:cooked_mutton":4,"minecraft:water_bucket":47,"minecraft:baked_potato":30,"minecraft:fletching_table":3,"minecraft:rail":144,"minecraft:crafting_table":8,"minecraft:white_bed":23,"minecraft:spruce_log":3,"minecraft:smoker":2,"minecraft:oak_log":1,"minecraft:diamond_pickaxe":484,"minecraft:iron_pickaxe":483,"minecraft:spruce_sapling":11,"minecraft:stone_axe":1,"minecraft:cobblestone":177,"minecraft:cooked_porkchop":3,"minecraft:bucket":47},"minecraft:custom":{"minecraft:animals_bred":2,"minecraft:interact_with_crafting_table":59,"minecraft:bell_ring":3,"minecraft:leave_game":16,"minecraft:time_since_death":225196,"minecraft:sprint_one_cm":672678,"minecraft:drop":245,"minecraft:talked_to_villager":44,"minecraft:play_time":302408,"minecraft:deaths":1,"minecraft:jump":5519,"minecraft:walk_on_water_one_cm":23102,"minecraft:enchant_item":1,"minecraft:interact_with_furnace":32,"minecraft:traded_with_villager":188,"minecraft:sleep_in_bed":15,"minecraft:damage_dealt":13709,"minecraft:crouch_one_cm":41554,"minecraft:interact_with_smoker":28,"minecraft:horse_one_cm":400339,"minecraft:mob_kills":89,"minecraft:walk_one_cm":280558,"minecraft:sneak_time":12249,"minecraft:walk_under_water_one_cm":4146,"minecraft:boat_one_cm":41919,"minecraft:interact_with_blast_furnace":24,"minecraft:total_world_time":302408,"minecraft:time_since_rest":15814,"minecraft:damage_taken":1425,"minecraft:minecart_one_cm":1974,"minecraft:swim_one_cm":8114,"minecraft:fly_one_cm":1107781,"minecraft:open_chest":256,"minecraft:fall_one_cm":126671},"minecraft:dropped":{"minecraft:iron_sword":1,"minecraft:porkchop":4,"minecraft:oak_log":3,"minecraft:baked_potato":54,"minecraft:leather":21,"minecraft:fletching_table":1,"minecraft:flint":2,"minecraft:dirt":41,"minecraft:cornflower":4,"minecraft:mutton":2,"minecraft:gold_nugget":8,"minecraft:iron_pickaxe":1,"minecraft:white_wool":4,"minecraft:bone":8,"minecraft:oak_door":1,"minecraft:stone_axe":3,"minecraft:blackstone":9,"minecraft:sugar_cane":3,"minecraft:cobbled_deepslate":25,"minecraft:obsidian":1,"minecraft:beetroot":2,"minecraft:rotten_flesh":19,"minecraft:grindstone":1,"minecraft:oak_planks":42,"minecraft:chainmail_chestplate":6,"minecraft:poppy":1,"minecraft:basalt":72,"minecraft:arrow":5,"minecraft:beef":2,"minecraft:netherrack":116,"minecraft:enchanting_table":1,"minecraft:egg":1,"minecraft:stone_hoe":2,"minecraft:enchanted_book":3,"minecraft:wheat_seeds":29,"minecraft:mossy_cobblestone":2,"minecraft:poisonous_potato":4,"minecraft:oak_fence":2,"minecraft:feather":2,"minecraft:iron_helmet":1,"minecraft:cobblestone":152,"minecraft:amethyst_block":13,"minecraft:apple":1,"minecraft:granite":17,"minecraft:chainmail_helmet":1,"minecraft:grass_block":1,"minecraft:stick":18,"minecraft:gray_wool":3,"minecraft:diorite":23,"minecraft:torch":8,"minecraft:wooden_axe":3,"minecraft:iron_leggings":7,"minecraft:oak_stairs":2,"minecraft:iron_axe":10,"minecraft:string":6,"minecraft:spruce_sapling":19,"minecraft:dandelion":5,"minecraft:soul_soil":3,"minecraft:stone_sword":4,"minecraft:raw_copper":11,"minecraft:stone_shovel":1,"minecraft:chicken":3,"minecraft:light_gray_wool":2,"minecraft:iron_boots":16,"minecraft:stripped_oak_log":2,"minecraft:spruce_fence":42,"minecraft:shears":1,"minecraft:potato":234,"minecraft:spruce_planks":128,"minecraft:iron_chestplate":1,"minecraft:andesite":15,"minecraft:oak_sapling":12,"minecraft:spider_eye":4,"minecraft:spruce_log":65,"minecraft:bow":2,"minecraft:stone_pickaxe":2,"minecraft:wooden_pickaxe":2,"minecraft:black_wool":1},"minecraft:killed_by":{"minecraft:player":1},"minecraft:broken":{"minecraft:stone_pickaxe":1,"minecraft:iron_pickaxe":1},"minecraft:picked_up":{"minecraft:wooden_axe":2,"minecraft:wheat":6,"minecraft:smithing_table":1,"minecraft:oak_stairs":12,"minecraft:enchanted_book":3,"minecraft:amethyst_block":26,"minecraft:string":8,"minecraft:soul_soil":3,"minecraft:raw_copper":11,"minecraft:iron_leggings":2,"minecraft:beetroot":2,"minecraft:gold_nugget":6,"minecraft:cobbled_deepslate":32,"minecraft:spruce_planks":138,"minecraft:furnace":2,"minecraft:iron_boots":1,"minecraft:stick":96,"minecraft:torch":26,"minecraft:porkchop":24,"minecraft:diorite":23,"minecraft:stone_sword":2,"minecraft:rotten_flesh":23,"minecraft:bookshelf":2,"minecraft:obsidian":35,"minecraft:cobblestone":522,"minecraft:enchanting_table":2,"minecraft:feather":24,"minecraft:cooked_beef":4,"minecraft:andesite":15,"minecraft:smoker":1,"minecraft:potato":507,"minecraft:flint":3,"minecraft:lapis_lazuli":234,"minecraft:dirt":183,"minecraft:name_tag":2,"minecraft:bone":16,"minecraft:bow":2,"minecraft:wheat_seeds":49,"minecraft:raw_gold":18,"minecraft:fletching_table":4,"minecraft:glowstone_dust":2,"minecraft:oak_planks":37,"minecraft:stone_hoe":1,"minecraft:poisonous_potato":5,"minecraft:sand":5,"minecraft:mossy_cobblestone":4,"minecraft:yellow_carpet":2,"minecraft:diamond":3,"minecraft:granite":17,"minecraft:golden_apple":1,"minecraft:emerald":1,"minecraft:chainmail_helmet":1,"minecraft:bread":9,"minecraft:oak_sapling":60,"minecraft:netherrack":362,"minecraft:diamond_pickaxe":1,"minecraft:crafting_table":4,"minecraft:chicken":13,"minecraft:cornflower":4,"minecraft:iron_axe":6,"minecraft:blackstone":9,"minecraft:beef":19,"minecraft:oak_boat":6,"minecraft:poppy":1,"minecraft:light_gray_wool":2,"minecraft:minecart":1,"minecraft:sugar_cane":90,"minecraft:chest":4,"minecraft:egg":2,"minecraft:raw_iron":160,"minecraft:oak_door":1,"minecraft:spruce_fence":9,"minecraft:carrot":94,"minecraft:redstone":75,"minecraft:arrow":12,"minecraft:stone_shovel":1,"minecraft:shears":2,"minecraft:mutton":12,"minecraft:white_wool":42,"minecraft:stripped_oak_log":2,"minecraft:basalt":82,"minecraft:leather":66,"minecraft:oak_log":40,"minecraft:chainmail_chestplate":6,"minecraft:gunpowder":10,"minecraft:cobblestone_stairs":2,"minecraft:apple":11,"minecraft:iron_ingot":43,"minecraft:stone_pickaxe":1,"minecraft:cooked_chicken":4,"minecraft:iron_sword":1,"minecraft:dandelion":5,"minecraft:gravel":32,"minecraft:amethyst_shard":20,"minecraft:spruce_sapling":145,"minecraft:blast_furnace":1,"minecraft:white_bed":7,"minecraft:spruce_log":1212,"minecraft:spider_eye":4,"minecraft:stone_axe":3,"minecraft:gray_wool":3,"minecraft:oak_button":64,"minecraft:black_wool":1,"minecraft:coal":102,"minecraft:ender_pearl":2},"minecraft:killed":{"minecraft:spider":4,"minecraft:skeleton":12,"minecraft:chicken":11,"minecraft:piglin":1,"minecraft:pig":10,"minecraft:iron_golem":1,"minecraft:creeper":4,"minecraft:sheep":7,"minecraft:trader_llama":1,"minecraft:zombie":12,"minecraft:cow":13,"minecraft:horse":4,"minecraft:bat":1,"minecraft:wandering_trader":1,"minecraft:villager":1,"minecraft:enderman":2},"minecraft:mined":{"minecraft:white_bed":7,"minecraft:obsidian":28,"minecraft:granite":6,"minecraft:grass_block":50,"minecraft:yellow_carpet":2,"minecraft:soul_soil":7,"minecraft:iron_ore":79,"minecraft:fire":10,"minecraft:fletching_table":3,"minecraft:deepslate_lapis_ore":1,"minecraft:enchanting_table":1,"minecraft:dirt_path":22,"minecraft:oak_stairs":10,"minecraft:blackstone":9,"minecraft:torch":14,"minecraft:blast_furnace":1,"minecraft:chest":3,"minecraft:cobblestone":45,"minecraft:oak_planks":30,"minecraft:sugar_cane":69,"minecraft:wall_torch":9,"minecraft:wheat":6,"minecraft:oak_log":5,"minecraft:dirt":38,"minecraft:netherrack":303,"minecraft:oak_leaves":7,"minecraft:deepslate":27,"minecraft:nether_gold_ore":2,"minecraft:mossy_cobblestone":2,"minecraft:spruce_fence":9,"minecraft:spruce_leaves":1,"minecraft:furnace":2,"minecraft:carrots":15,"minecraft:andesite":16,"minecraft:potatoes":136,"minecraft:deepslate_iron_ore":47,"minecraft:stone":342,"minecraft:white_wool":2,"minecraft:podzol":1,"minecraft:glass_pane":4,"minecraft:basalt":80,"minecraft:crafting_table":4,"minecraft:short_grass":232,"minecraft:tall_grass":22,"minecraft:copper_ore":2,"minecraft:lapis_ore":13,"minecraft:deepslate_gold_ore":9,"minecraft:diorite":12,"minecraft:spruce_log":10,"minecraft:coal_ore":63,"minecraft:gravel":1,"minecraft:gold_ore":9}},"DataVersion":4082}