{"stats":{"minecraft:killed":{"minecraft:cave_spider":15,"minecraft:spider":64,"minecraft:skeleton":15,"minecraft:chicken":11,"minecraft:piglin":1,"minecraft:pig":13,"minecraft:iron_golem":18,"minecraft:creeper":6,"minecraft:sheep":7,"minecraft:trader_llama":3,"minecraft:pillager":8,"minecraft:zombie":23,"minecraft:cow":21,"minecraft:vindicator":2,"minecraft:horse":4,"minecraft:bat":1,"minecraft:wandering_trader":2,"minecraft:ravager":1,"minecraft:villager":3,"minecraft:enderman":2},"minecraft:picked_up":{"minecraft:wooden_axe":2,"minecraft:wheat":86,"minecraft:smithing_table":1,"minecraft:lead":4,"minecraft:diamond_sword":1,"minecraft:oak_stairs":12,"minecraft:enchanted_book":5,"minecraft:amethyst_block":26,"minecraft:string":172,"minecraft:raw_copper":11,"minecraft:soul_soil":3,"minecraft:iron_leggings":2,"minecraft:beetroot":2,"minecraft:gold_nugget":6,"minecraft:cobbled_deepslate":34,"minecraft:spruce_planks":1363,"minecraft:furnace":5,"minecraft:iron_boots":1,"minecraft:spruce_pressure_plate":19,"minecraft:stick":324,"minecraft:torch":166,"minecraft:porkchop":37,"minecraft:pointed_dripstone":4,"minecraft:diorite":23,"minecraft:stone_sword":2,"minecraft:rotten_flesh":33,"minecraft:deepslate_copper_ore":1,"minecraft:bookshelf":2,"minecraft:obsidian":35,"minecraft:cobblestone":523,"minecraft:enchanting_table":2,"minecraft:feather":24,"minecraft:cooked_beef":4,"minecraft:water_bucket":2,"minecraft:andesite":19,"minecraft:smoker":6,"minecraft:potato":1119,"minecraft:flint":5,"minecraft:acacia_boat":1,"minecraft:dirt":311,"minecraft:lapis_lazuli":263,"minecraft:name_tag":2,"minecraft:glass":128,"minecraft:bone":21,"minecraft:chipped_anvil":1,"minecraft:bow":2,"minecraft:wheat_seeds":288,"minecraft:raw_gold":18,"minecraft:bell":2,"minecraft:grindstone":2,"minecraft:fletching_table":24,"minecraft:glowstone_dust":2,"minecraft:oak_planks":46,"minecraft:stone_hoe":1,"minecraft:poisonous_potato":7,"minecraft:sand":215,"minecraft:mossy_cobblestone":8,"minecraft:yellow_carpet":3,"minecraft:diamond":6,"minecraft:granite":20,"minecraft:emerald":52,"minecraft:golden_apple":1,"minecraft:spruce_button":3,"minecraft:spruce_sign":2,"minecraft:bread":10,"minecraft:chainmail_helmet":1,"minecraft:oak_sapling":60,"minecraft:netherrack":369,"minecraft:oak_leaves":64,"minecraft:diamond_pickaxe":9,"minecraft:crafting_table":6,"minecraft:ominous_bottle":1,"minecraft:chicken":13,"minecraft:ladder":2,"minecraft:chest_minecart":1,"minecraft:cornflower":5,"minecraft:oak_trapdoor":4,"minecraft:iron_axe":10,"minecraft:iron_shovel":1,"minecraft:blackstone":9,"minecraft:detector_rail":1,"minecraft:beef":37,"minecraft:oak_boat":6,"minecraft:minecart":25,"minecraft:light_gray_wool":2,"minecraft:poppy":19,"minecraft:spruce_slab":109,"minecraft:lectern":188,"minecraft:sugar_cane":310,"minecraft:chest":33,"minecraft:spruce_trapdoor":4,"minecraft:copper_ore":21,"minecraft:egg":2,"minecraft:raw_iron":160,"minecraft:stone":117,"minecraft:oak_door":1,"minecraft:spruce_fence":9,"minecraft:carrot":94,"minecraft:redstone":75,"minecraft:arrow":16,"minecraft:stone_shovel":1,"minecraft:beetroot_seeds":1,"minecraft:shears":2,"minecraft:saddle":1,"minecraft:glow_berries":2,"minecraft:mutton":12,"minecraft:white_wool":246,"minecraft:rail":173,"minecraft:lapis_ore":10,"minecraft:stripped_oak_log":2,"minecraft:basalt":82,"minecraft:leather":81,"minecraft:oak_log":40,"minecraft:chainmail_chestplate":6,"minecraft:gunpowder":12,"minecraft:cobblestone_stairs":2,"minecraft:white_banner":2,"minecraft:spawner":5,"minecraft:apple":11,"minecraft:kelp":360,"minecraft:iron_ore":71,"minecraft:iron_ingot":110,"minecraft:oak_fence_gate":9,"minecraft:stone_pickaxe":1,"minecraft:cooked_chicken":4,"minecraft:iron_sword":1,"minecraft:book":15,"minecraft:oak_slab":2,"minecraft:dandelion":10,"minecraft:gravel":40,"minecraft:amethyst_shard":20,"minecraft:spruce_sapling":404,"minecraft:blast_furnace":2,"minecraft:white_bed":24,"minecraft:spruce_log":3481,"minecraft:gold_ore":19,"minecraft:spider_eye":29,"minecraft:coal_ore":17,"minecraft:stone_axe":3,"minecraft:redstone_ore":21,"minecraft:gray_wool":3,"minecraft:oak_button":65,"minecraft:melon_seeds":4,"minecraft:black_wool":1,"minecraft:coal":105,"minecraft:hopper":9,"minecraft:ender_pearl":2},"minecraft:custom":{"minecraft:animals_bred":38,"minecraft:interact_with_crafting_table":120,"minecraft:bell_ring":63,"minecraft:leave_game":20,"minecraft:time_since_death":18401,"minecraft:sprint_one_cm":1800423,"minecraft:damage_blocked_by_shield":10,"minecraft:drop":544,"minecraft:talked_to_villager":605,"minecraft:play_time":792117,"minecraft:deaths":9,"minecraft:jump":13833,"minecraft:walk_on_water_one_cm":133434,"minecraft:enchant_item":2,"minecraft:interact_with_furnace":39,"minecraft:traded_with_villager":388,"minecraft:sleep_in_bed":31,"minecraft:damage_dealt":43575,"minecraft:crouch_one_cm":216536,"minecraft:interact_with_smoker":35,"minecraft:horse_one_cm":400339,"minecraft:mob_kills":230,"minecraft:interact_with_anvil":4,"minecraft:inspect_hopper":9,"minecraft:climb_one_cm":67509,"minecraft:walk_one_cm":777482,"minecraft:raid_win":1,"minecraft:sneak_time":60624,"minecraft:walk_under_water_one_cm":89869,"minecraft:boat_one_cm":41919,"minecraft:interact_with_blast_furnace":25,"minecraft:total_world_time":792117,"minecraft:raid_trigger":1,"minecraft:interact_with_grindstone":2,"minecraft:time_since_rest":18425,"minecraft:damage_taken":8422,"minecraft:minecart_one_cm":1974,"minecraft:swim_one_cm":24644,"minecraft:fly_one_cm":2873817,"minecraft:open_chest":598,"minecraft:fall_one_cm":365918},"minecraft:crafted":{"minecraft:grindstone":1,"minecraft:oak_planks":152,"minecraft:cooked_chicken":6,"minecraft:stone":3,"minecraft:bookshelf":4,"minecraft:spruce_pressure_plate":24,"minecraft:cooked_mutton":5,"minecraft:glass":128,"minecraft:hopper":9,"minecraft:diamond_helmet":2,"minecraft:diamond_leggings":2,"minecraft:iron_boots":1,"minecraft:chest":45,"minecraft:oak_button":1,"minecraft:rail":336,"minecraft:stone_hoe":1,"minecraft:oak_fence":3,"minecraft:smoker":1,"minecraft:emerald":372,"minecraft:cooked_porkchop":31,"minecraft:diamond_axe":1,"minecraft:crafting_table":13,"minecraft:spruce_planks":10488,"minecraft:wooden_pickaxe":2,"minecraft:baked_potato":148,"minecraft:iron_helmet":1,"minecraft:fletching_table":20,"minecraft:spruce_trapdoor":26,"minecraft:lectern":1,"minecraft:iron_chestplate":1,"minecraft:book":12,"minecraft:paper":132,"minecraft:shield":2,"minecraft:stick":13890,"minecraft:stone_slab":6,"minecraft:iron_ingot":143,"minecraft:iron_pickaxe":2,"minecraft:iron_block":3,"minecraft:stone_sword":1,"minecraft:gold_ingot":18,"minecraft:spruce_fence_gate":9,"minecraft:shears":2,"minecraft:golden_carrot":20,"minecraft:spruce_button":11,"minecraft:furnace":1,"minecraft:spruce_fence":102,"minecraft:flint_and_steel":1,"minecraft:iron_axe":6,"minecraft:ladder":237,"minecraft:spruce_slab":384,"minecraft:stone_pickaxe":1,"minecraft:diamond_boots":2,"minecraft:minecart":2,"minecraft:cooked_beef":13,"minecraft:spruce_sign":18,"minecraft:enchanting_table":1,"minecraft:iron_sword":1,"minecraft:bucket":2,"minecraft:stone_axe":2,"minecraft:enchanted_book":4,"minecraft:air":0,"minecraft:oak_boat":1,"minecraft:gold_nugget":162,"minecraft:flint":30,"minecraft:wooden_axe":1,"minecraft:iron_shovel":1,"minecraft:iron_leggings":1,"minecraft:anvil":1,"minecraft:white_bed":46,"minecraft:torch":96,"minecraft:diamond_chestplate":2},"minecraft:dropped":{"minecraft:spruce_sign":5,"minecraft:iron_sword":1,"minecraft:diamond_axe":1,"minecraft:porkchop":11,"minecraft:oak_log":3,"minecraft:baked_potato":54,"minecraft:crafting_table":4,"minecraft:glow_berries":2,"minecraft:leather":24,"minecraft:fletching_table":21,"minecraft:saddle":1,"minecraft:rail":9,"minecraft:emerald":127,"minecraft:flint":2,"minecraft:dirt":58,"minecraft:cornflower":5,"minecraft:mutton":6,"minecraft:gold_nugget":8,"minecraft:iron_pickaxe":1,"minecraft:white_wool":70,"minecraft:bone":13,"minecraft:oak_door":1,"minecraft:stone_axe":3,"minecraft:blackstone":9,"minecraft:sugar_cane":7,"minecraft:cobbled_deepslate":25,"minecraft:netherite_sword":1,"minecraft:wheat":4,"minecraft:obsidian":1,"minecraft:beetroot":2,"minecraft:grindstone":1,"minecraft:rotten_flesh":29,"minecraft:oak_planks":52,"minecraft:green_banner":64,"minecraft:chainmail_chestplate":6,"minecraft:poppy":19,"minecraft:oak_fence_gate":18,"minecraft:gunpowder":2,"minecraft:deepslate_copper_ore":1,"minecraft:beetroot_seeds":1,"minecraft:melon_seeds":4,"minecraft:spruce_pressure_plate":4,"minecraft:ladder":89,"minecraft:spruce_slab":90,"minecraft:basalt":72,"minecraft:arrow":8,"minecraft:beef":2,"minecraft:water_bucket":1,"minecraft:netherrack":123,"minecraft:enchanting_table":1,"minecraft:lectern":4,"minecraft:spawner":1,"minecraft:egg":1,"minecraft:iron_ingot":60,"minecraft:enchanted_book":3,"minecraft:stone_hoe":2,"minecraft:oak_slab":2,"minecraft:wheat_seeds":174,"minecraft:mossy_cobblestone":6,"minecraft:poisonous_potato":6,"minecraft:feather":2,"minecraft:oak_fence":2,"minecraft:iron_helmet":1,"minecraft:cobblestone":152,"minecraft:book":14,"minecraft:apple":1,"minecraft:amethyst_block":13,"minecraft:granite":19,"minecraft:spruce_button":11,"minecraft:grass_block":1,"minecraft:chainmail_helmet":1,"minecraft:yellow_carpet":1,"minecraft:stick":141,"minecraft:gray_wool":3,"minecraft:diorite":23,"minecraft:torch":15,"minecraft:wooden_axe":4,"minecraft:iron_leggings":7,"minecraft:oak_stairs":2,"minecraft:white_banner":64,"minecraft:iron_axe":13,"minecraft:iron_shovel":63,"minecraft:string":169,"minecraft:spruce_sapling":68,"minecraft:dandelion":10,"minecraft:soul_soil":3,"minecraft:oak_trapdoor":6,"minecraft:stone_sword":4,"minecraft:raw_copper":11,"minecraft:stone_shovel":1,"minecraft:chicken":3,"minecraft:light_gray_wool":2,"minecraft:iron_boots":16,"minecraft:stripped_oak_log":2,"minecraft:name_tag":1,"minecraft:spruce_fence":42,"minecraft:shears":3,"minecraft:diamond_sword":1,"minecraft:potato":1194,"minecraft:stone":72,"minecraft:shield":1,"minecraft:oak_button":1,"minecraft:spruce_trapdoor":21,"minecraft:spruce_planks":660,"minecraft:diamond_pickaxe":8,"minecraft:iron_chestplate":1,"minecraft:andesite":19,"minecraft:oak_sapling":12,"minecraft:spider_eye":27,"minecraft:spruce_log":718,"minecraft:bow":2,"minecraft:stone_pickaxe":2,"minecraft:wooden_pickaxe":2,"minecraft:black_wool":1},"minecraft:mined":{"minecraft:spruce_planks":668,"minecraft:white_bed":11,"minecraft:obsidian":28,"minecraft:spruce_trapdoor":4,"minecraft:granite":6,"minecraft:grass_block":152,"minecraft:yellow_carpet":3,"minecraft:soul_soil":7,"minecraft:hopper":9,"minecraft:spawner":3,"minecraft:iron_ore":79,"minecraft:fire":10,"minecraft:fletching_table":3,"minecraft:deepslate_lapis_ore":1,"minecraft:enchanting_table":1,"minecraft:pointed_dripstone":3,"minecraft:dirt_path":42,"minecraft:oak_stairs":10,"minecraft:spruce_pressure_plate":23,"minecraft:spruce_slab":66,"minecraft:blackstone":9,"minecraft:kelp_plant":1,"minecraft:smoker":5,"minecraft:torch":30,"minecraft:blast_furnace":2,"minecraft:chest":24,"minecraft:spruce_wall_sign":1,"minecraft:glass":9,"minecraft:cobblestone":48,"minecraft:sugar_cane":219,"minecraft:grindstone":2,"minecraft:oak_planks":39,"minecraft:wall_torch":47,"minecraft:wheat":89,"minecraft:oak_log":5,"minecraft:sand":213,"minecraft:dirt":50,"minecraft:netherrack":303,"minecraft:oak_leaves":7,"minecraft:deepslate":27,"minecraft:nether_gold_ore":2,"minecraft:mossy_cobblestone":7,"minecraft:ladder":2,"minecraft:spruce_fence":9,"minecraft:spruce_leaves":9,"minecraft:kelp":1,"minecraft:redstone_ore":2,"minecraft:oak_trapdoor":6,"minecraft:spruce_sapling":4,"minecraft:furnace":2,"minecraft:carrots":15,"minecraft:andesite":20,"minecraft:bell":2,"minecraft:bookshelf":5,"minecraft:potatoes":308,"minecraft:deepslate_iron_ore":47,"minecraft:rail":145,"minecraft:stone":460,"minecraft:white_wool":2,"minecraft:podzol":1,"minecraft:glass_pane":5,"minecraft:basalt":80,"minecraft:dandelion":1,"minecraft:crafting_table":7,"minecraft:short_grass":429,"minecraft:lectern":184,"minecraft:copper_ore":2,"minecraft:tall_grass":29,"minecraft:lapis_ore":13,"minecraft:deepslate_gold_ore":9,"minecraft:diorite":12,"minecraft:spruce_log":21,"minecraft:coal_ore":63,"minecraft:gravel":11,"minecraft:cobweb":6,"minecraft:chipped_anvil":1,"minecraft:gold_ore":9},"minecraft:used":{"minecraft:iron_shovel":327,"minecraft:spruce_slab":351,"minecraft:ladder":150,"minecraft:chest":51,"minecraft:shield":1,"minecraft:stone":8,"minecraft:iron_sword":260,"minecraft:zombie_spawn_egg":2,"minecraft:bell":2,"minecraft:soul_sand":1,"minecraft:mutton":1,"minecraft:skeleton_spawn_egg":2,"minecraft:carrot":3,"minecraft:obsidian":20,"minecraft:glass":128,"minecraft:ominous_bottle":1,"minecraft:furnace":5,"minecraft:egg":1,"minecraft:potato":381,"minecraft:diamond_boots":1,"minecraft:stone_pickaxe":131,"minecraft:oak_planks":93,"minecraft:wooden_pickaxe":15,"minecraft:diamond_axe":1011,"minecraft:sugar_cane":39,"minecraft:blast_furnace":1,"minecraft:lectern":185,"minecraft:gravel":10,"minecraft:diamond_sword":276,"minecraft:grindstone":2,"minecraft:bone_meal":61,"minecraft:oak_boat":6,"minecraft:oak_trapdoor":7,"minecraft:oak_fence":1,"minecraft:netherite_sword":25,"minecraft:enchanting_table":2,"minecraft:stone_sword":87,"minecraft:flint_and_steel":2,"minecraft:spruce_planks":3223,"minecraft:stone_hoe":129,"minecraft:cooked_chicken":2,"minecraft:netherrack":118,"minecraft:torch":242,"minecraft:dirt":133,"minecraft:anvil":1,"minecraft:hopper":21,"minecraft:diamond_helmet":1,"minecraft:yellow_carpet":2,"minecraft:spruce_fence":69,"minecraft:chipped_anvil":1,"minecraft:bookshelf":3,"minecraft:iron_axe":81,"minecraft:spruce_button":5,"minecraft:spawner":14,"minecraft:diamond_chestplate":2,"minecraft:basalt":10,"minecraft:golden_carrot":2,"minecraft:minecart":25,"minecraft:cooked_beef":5,"minecraft:cobbled_deepslate":7,"minecraft:wheat_seeds":114,"minecraft:cooked_mutton":4,"minecraft:water_bucket":90,"minecraft:baked_potato":123,"minecraft:spruce_sign":17,"minecraft:fletching_table":23,"minecraft:rail":490,"minecraft:crafting_table":13,"minecraft:white_bed":55,"minecraft:campfire":9,"minecraft:spruce_log":13,"minecraft:smoker":7,"minecraft:oak_log":1,"minecraft:diamond_pickaxe":798,"minecraft:oak_button":1,"minecraft:iron_pickaxe":483,"minecraft:spruce_pressure_plate":27,"minecraft:spruce_trapdoor":132,"minecraft:spruce_sapling":11,"minecraft:stone_axe":1,"minecraft:cobblestone":177,"minecraft:white_banner":1,"minecraft:cooked_porkchop":8,"minecraft:bucket":90,"minecraft:kelp":129,"minecraft:diamond_leggings":1},"minecraft:killed_by":{"minecraft:player":1},"minecraft:broken":{"minecraft:stone_pickaxe":1,"minecraft:iron_sword":1,"minecraft:diamond_axe":1,"minecraft:iron_axe":1,"minecraft:iron_pickaxe":1}},"DataVersion":4082}