{"stats":{"minecraft:killed":{"minecraft:cave_spider":1,"minecraft:spider":4,"minecraft:skeleton":12,"minecraft:chicken":11,"minecraft:piglin":1,"minecraft:pig":12,"minecraft:iron_golem":7,"minecraft:creeper":5,"minecraft:sheep":7,"minecraft:trader_llama":1,"minecraft:zombie":15,"minecraft:cow":21,"minecraft:horse":4,"minecraft:bat":1,"minecraft:wandering_trader":1,"minecraft:villager":3,"minecraft:enderman":2},"minecraft:picked_up":{"minecraft:wooden_axe":2,"minecraft:wheat":84,"minecraft:smithing_table":1,"minecraft:lead":2,"minecraft:oak_stairs":12,"minecraft:enchanted_book":4,"minecraft:amethyst_block":26,"minecraft:string":13,"minecraft:soul_soil":3,"minecraft:raw_copper":11,"minecraft:iron_leggings":2,"minecraft:beetroot":2,"minecraft:gold_nugget":6,"minecraft:cobbled_deepslate":34,"minecraft:spruce_planks":184,"minecraft:iron_boots":1,"minecraft:furnace":5,"minecraft:stick":227,"minecraft:torch":30,"minecraft:porkchop":36,"minecraft:diorite":23,"minecraft:stone_sword":2,"minecraft:rotten_flesh":26,"minecraft:bookshelf":2,"minecraft:obsidian":35,"minecraft:cobblestone":523,"minecraft:enchanting_table":2,"minecraft:feather":24,"minecraft:cooked_beef":4,"minecraft:water_bucket":1,"minecraft:andesite":15,"minecraft:smoker":5,"minecraft:potato":801,"minecraft:flint":5,"minecraft:acacia_boat":1,"minecraft:dirt":201,"minecraft:lapis_lazuli":234,"minecraft:name_tag":2,"minecraft:bone":16,"minecraft:bow":2,"minecraft:wheat_seeds":265,"minecraft:raw_gold":18,"minecraft:grindstone":2,"minecraft:fletching_table":4,"minecraft:glowstone_dust":2,"minecraft:oak_planks":44,"minecraft:stone_hoe":1,"minecraft:poisonous_potato":6,"minecraft:sand":215,"minecraft:mossy_cobblestone":8,"minecraft:yellow_carpet":2,"minecraft:diamond":6,"minecraft:granite":17,"minecraft:golden_apple":1,"minecraft:emerald":1,"minecraft:spruce_sign":1,"minecraft:chainmail_helmet":1,"minecraft:bread":9,"minecraft:oak_sapling":60,"minecraft:netherrack":362,"minecraft:diamond_pickaxe":3,"minecraft:crafting_table":5,"minecraft:chicken":13,"minecraft:cornflower":4,"minecraft:iron_axe":10,"minecraft:blackstone":9,"minecraft:beef":37,"minecraft:oak_boat":6,"minecraft:poppy":8,"minecraft:spruce_slab":25,"minecraft:light_gray_wool":2,"minecraft:minecart":18,"minecraft:lectern":188,"minecraft:sugar_cane":211,"minecraft:chest":4,"minecraft:spruce_trapdoor":4,"minecraft:egg":2,"minecraft:raw_iron":160,"minecraft:oak_door":1,"minecraft:spruce_fence":9,"minecraft:carrot":94,"minecraft:redstone":75,"minecraft:arrow":12,"minecraft:stone_shovel":1,"minecraft:shears":2,"minecraft:mutton":12,"minecraft:rail":130,"minecraft:white_wool":183,"minecraft:stripped_oak_log":2,"minecraft:basalt":82,"minecraft:leather":75,"minecraft:oak_log":40,"minecraft:chainmail_chestplate":6,"minecraft:gunpowder":12,"minecraft:cobblestone_stairs":2,"minecraft:spawner":3,"minecraft:apple":11,"minecraft:iron_ingot":66,"minecraft:oak_fence_gate":9,"minecraft:stone_pickaxe":1,"minecraft:cooked_chicken":4,"minecraft:iron_sword":1,"minecraft:book":12,"minecraft:oak_slab":2,"minecraft:dandelion":5,"minecraft:gravel":40,"minecraft:amethyst_shard":20,"minecraft:spruce_sapling":227,"minecraft:blast_furnace":2,"minecraft:white_bed":7,"minecraft:spruce_log":2167,"minecraft:spider_eye":7,"minecraft:stone_axe":3,"minecraft:gray_wool":3,"minecraft:oak_button":64,"minecraft:black_wool":1,"minecraft:coal":105,"minecraft:ender_pearl":2},"minecraft:custom":{"minecraft:animals_bred":38,"minecraft:interact_with_crafting_table":106,"minecraft:bell_ring":54,"minecraft:leave_game":17,"minecraft:time_since_death":23373,"minecraft:sprint_one_cm":1094000,"minecraft:drop":320,"minecraft:talked_to_villager":499,"minecraft:play_time":490372,"minecraft:deaths":4,"minecraft:jump":8342,"minecraft:walk_on_water_one_cm":25004,"minecraft:enchant_item":1,"minecraft:interact_with_furnace":38,"minecraft:traded_with_villager":300,"minecraft:sleep_in_bed":22,"minecraft:damage_dealt":20789,"minecraft:crouch_one_cm":59530,"minecraft:interact_with_smoker":34,"minecraft:horse_one_cm":400339,"minecraft:mob_kills":112,"minecraft:interact_with_anvil":2,"minecraft:walk_one_cm":499047,"minecraft:sneak_time":17353,"minecraft:walk_under_water_one_cm":5066,"minecraft:boat_one_cm":41919,"minecraft:interact_with_blast_furnace":25,"minecraft:total_world_time":490372,"minecraft:interact_with_grindstone":2,"minecraft:time_since_rest":16712,"minecraft:damage_taken":2754,"minecraft:minecart_one_cm":1974,"minecraft:swim_one_cm":9550,"minecraft:fly_one_cm":1839469,"minecraft:open_chest":432,"minecraft:fall_one_cm":200258},"minecraft:crafted":{"minecraft:grindstone":1,"minecraft:oak_planks":152,"minecraft:cooked_chicken":6,"minecraft:stone":3,"minecraft:bookshelf":3,"minecraft:cooked_mutton":5,"minecraft:glass":128,"minecraft:hopper":9,"minecraft:diamond_helmet":2,"minecraft:diamond_leggings":2,"minecraft:iron_boots":1,"minecraft:chest":32,"minecraft:rail":160,"minecraft:stone_hoe":1,"minecraft:oak_fence":3,"minecraft:smoker":1,"minecraft:emerald":288,"minecraft:cooked_porkchop":31,"minecraft:diamond_axe":1,"minecraft:crafting_table":7,"minecraft:spruce_planks":6538,"minecraft:wooden_pickaxe":2,"minecraft:baked_potato":136,"minecraft:iron_helmet":1,"minecraft:fletching_table":20,"minecraft:spruce_trapdoor":26,"minecraft:lectern":1,"minecraft:iron_chestplate":1,"minecraft:book":12,"minecraft:paper":36,"minecraft:stick":10330,"minecraft:stone_slab":6,"minecraft:iron_ingot":143,"minecraft:iron_pickaxe":2,"minecraft:stone_sword":1,"minecraft:gold_ingot":18,"minecraft:spruce_fence_gate":9,"minecraft:shears":1,"minecraft:golden_carrot":20,"minecraft:furnace":1,"minecraft:spruce_fence":102,"minecraft:flint_and_steel":1,"minecraft:iron_axe":6,"minecraft:spruce_slab":228,"minecraft:stone_pickaxe":1,"minecraft:diamond_boots":2,"minecraft:minecart":1,"minecraft:cooked_beef":13,"minecraft:spruce_sign":18,"minecraft:enchanting_table":1,"minecraft:iron_sword":1,"minecraft:bucket":2,"minecraft:stone_axe":2,"minecraft:enchanted_book":1,"minecraft:air":0,"minecraft:oak_boat":1,"minecraft:gold_nugget":162,"minecraft:flint":30,"minecraft:wooden_axe":1,"minecraft:iron_shovel":1,"minecraft:iron_leggings":1,"minecraft:white_bed":46,"minecraft:torch":96,"minecraft:diamond_chestplate":2},"minecraft:dropped":{"minecraft:spruce_sign":4,"minecraft:iron_sword":1,"minecraft:porkchop":10,"minecraft:oak_log":3,"minecraft:baked_potato":54,"minecraft:leather":21,"minecraft:fletching_table":1,"minecraft:emerald":104,"minecraft:flint":2,"minecraft:dirt":48,"minecraft:cornflower":4,"minecraft:mutton":6,"minecraft:gold_nugget":8,"minecraft:iron_pickaxe":1,"minecraft:white_wool":7,"minecraft:bone":8,"minecraft:oak_door":1,"minecraft:stone_axe":3,"minecraft:blackstone":9,"minecraft:sugar_cane":5,"minecraft:cobbled_deepslate":25,"minecraft:wheat":3,"minecraft:obsidian":1,"minecraft:beetroot":2,"minecraft:grindstone":1,"minecraft:rotten_flesh":22,"minecraft:oak_planks":51,"minecraft:chainmail_chestplate":6,"minecraft:poppy":8,"minecraft:oak_fence_gate":18,"minecraft:spruce_slab":90,"minecraft:basalt":72,"minecraft:arrow":5,"minecraft:beef":2,"minecraft:netherrack":116,"minecraft:enchanting_table":1,"minecraft:lectern":4,"minecraft:spawner":1,"minecraft:egg":1,"minecraft:iron_ingot":53,"minecraft:stone_hoe":2,"minecraft:enchanted_book":3,"minecraft:oak_slab":2,"minecraft:wheat_seeds":151,"minecraft:mossy_cobblestone":6,"minecraft:poisonous_potato":5,"minecraft:feather":2,"minecraft:oak_fence":2,"minecraft:iron_helmet":1,"minecraft:cobblestone":152,"minecraft:book":14,"minecraft:apple":1,"minecraft:amethyst_block":13,"minecraft:granite":17,"minecraft:grass_block":1,"minecraft:chainmail_helmet":1,"minecraft:stick":135,"minecraft:gray_wool":3,"minecraft:diorite":23,"minecraft:torch":8,"minecraft:wooden_axe":3,"minecraft:iron_leggings":7,"minecraft:oak_stairs":2,"minecraft:iron_axe":13,"minecraft:string":6,"minecraft:spruce_sapling":57,"minecraft:dandelion":5,"minecraft:soul_soil":3,"minecraft:stone_sword":4,"minecraft:raw_copper":11,"minecraft:stone_shovel":1,"minecraft:chicken":3,"minecraft:light_gray_wool":2,"minecraft:iron_boots":16,"minecraft:stripped_oak_log":2,"minecraft:spruce_fence":42,"minecraft:shears":2,"minecraft:potato":405,"minecraft:spruce_trapdoor":15,"minecraft:spruce_planks":129,"minecraft:iron_chestplate":1,"minecraft:diamond_pickaxe":2,"minecraft:andesite":15,"minecraft:oak_sapling":12,"minecraft:spider_eye":4,"minecraft:spruce_log":132,"minecraft:bow":2,"minecraft:stone_pickaxe":2,"minecraft:wooden_pickaxe":2,"minecraft:black_wool":1},"minecraft:mined":{"minecraft:spruce_planks":45,"minecraft:white_bed":8,"minecraft:obsidian":28,"minecraft:spruce_trapdoor":4,"minecraft:granite":6,"minecraft:grass_block":52,"minecraft:yellow_carpet":2,"minecraft:soul_soil":7,"minecraft:spawner":2,"minecraft:iron_ore":79,"minecraft:fire":10,"minecraft:fletching_table":3,"minecraft:deepslate_lapis_ore":1,"minecraft:enchanting_table":1,"minecraft:dirt_path":36,"minecraft:oak_stairs":10,"minecraft:spruce_slab":6,"minecraft:blackstone":9,"minecraft:smoker":4,"minecraft:torch":14,"minecraft:blast_furnace":2,"minecraft:chest":3,"minecraft:spruce_wall_sign":1,"minecraft:cobblestone":48,"minecraft:oak_planks":37,"minecraft:grindstone":2,"minecraft:sugar_cane":163,"minecraft:wall_torch":10,"minecraft:wheat":89,"minecraft:oak_log":5,"minecraft:sand":213,"minecraft:dirt":43,"minecraft:netherrack":303,"minecraft:oak_leaves":7,"minecraft:deepslate":27,"minecraft:nether_gold_ore":2,"minecraft:mossy_cobblestone":7,"minecraft:spruce_fence":9,"minecraft:spruce_leaves":4,"minecraft:furnace":2,"minecraft:carrots":15,"minecraft:andesite":16,"minecraft:bookshelf":4,"minecraft:potatoes":232,"minecraft:deepslate_iron_ore":47,"minecraft:rail":112,"minecraft:stone":342,"minecraft:white_wool":2,"minecraft:podzol":1,"minecraft:glass_pane":4,"minecraft:basalt":80,"minecraft:crafting_table":5,"minecraft:short_grass":321,"minecraft:lectern":184,"minecraft:tall_grass":23,"minecraft:copper_ore":2,"minecraft:deepslate_gold_ore":9,"minecraft:lapis_ore":13,"minecraft:diorite":12,"minecraft:spruce_log":14,"minecraft:coal_ore":63,"minecraft:gravel":11,"minecraft:gold_ore":9},"minecraft:used":{"minecraft:iron_shovel":229,"minecraft:spruce_slab":133,"minecraft:chest":16,"minecraft:iron_sword":260,"minecraft:mutton":1,"minecraft:carrot":3,"minecraft:obsidian":20,"minecraft:furnace":5,"minecraft:egg":1,"minecraft:potato":250,"minecraft:stone_pickaxe":131,"minecraft:oak_planks":93,"minecraft:wooden_pickaxe":15,"minecraft:diamond_axe":229,"minecraft:sugar_cane":38,"minecraft:blast_furnace":1,"minecraft:lectern":185,"minecraft:gravel":10,"minecraft:grindstone":2,"minecraft:oak_boat":6,"minecraft:oak_fence":1,"minecraft:enchanting_table":2,"minecraft:stone_sword":87,"minecraft:flint_and_steel":2,"minecraft:spruce_planks":533,"minecraft:stone_hoe":129,"minecraft:cooked_chicken":2,"minecraft:netherrack":118,"minecraft:torch":40,"minecraft:dirt":131,"minecraft:yellow_carpet":2,"minecraft:spruce_fence":69,"minecraft:chipped_anvil":1,"minecraft:bookshelf":2,"minecraft:iron_axe":81,"minecraft:spawner":6,"minecraft:diamond_chestplate":1,"minecraft:basalt":10,"minecraft:golden_carrot":2,"minecraft:minecart":19,"minecraft:cooked_beef":5,"minecraft:cobbled_deepslate":7,"minecraft:wheat_seeds":114,"minecraft:cooked_mutton":4,"minecraft:water_bucket":47,"minecraft:baked_potato":53,"minecraft:spruce_sign":13,"minecraft:fletching_table":3,"minecraft:rail":280,"minecraft:crafting_table":10,"minecraft:white_bed":33,"minecraft:spruce_log":6,"minecraft:smoker":6,"minecraft:oak_log":1,"minecraft:diamond_pickaxe":620,"minecraft:iron_pickaxe":483,"minecraft:spruce_trapdoor":15,"minecraft:spruce_sapling":11,"minecraft:stone_axe":1,"minecraft:cobblestone":177,"minecraft:cooked_porkchop":8,"minecraft:bucket":48},"minecraft:killed_by":{"minecraft:player":1},"minecraft:broken":{"minecraft:stone_pickaxe":1,"minecraft:iron_sword":1,"minecraft:iron_axe":1,"minecraft:iron_pickaxe":1}},"DataVersion":4082}