{"stats":{"minecraft:crafted":{"minecraft:oak_planks":152,"minecraft:cooked_chicken":6,"minecraft:furnace":1,"minecraft:cooked_mutton":5,"minecraft:flint_and_steel":1,"minecraft:diamond_helmet":1,"minecraft:diamond_leggings":1,"minecraft:iron_boots":1,"minecraft:iron_axe":4,"minecraft:stone_pickaxe":1,"minecraft:chest":1,"minecraft:diamond_boots":1,"minecraft:rail":64,"minecraft:stone_hoe":1,"minecraft:oak_fence":3,"minecraft:smoker":1,"minecraft:cooked_beef":13,"minecraft:emerald":139,"minecraft:cooked_porkchop":14,"minecraft:crafting_table":5,"minecraft:enchanting_table":1,"minecraft:spruce_planks":2760,"minecraft:wooden_pickaxe":2,"minecraft:baked_potato":136,"minecraft:iron_helmet":1,"minecraft:iron_sword":1,"minecraft:bucket":1,"minecraft:stone_axe":2,"minecraft:air":0,"minecraft:oak_boat":1,"minecraft:book":8,"minecraft:iron_chestplate":1,"minecraft:paper":24,"minecraft:gold_nugget":162,"minecraft:stick":5393,"minecraft:iron_ingot":115,"minecraft:iron_pickaxe":2,"minecraft:wooden_axe":1,"minecraft:stone_sword":1,"minecraft:iron_leggings":1,"minecraft:gold_ingot":18,"minecraft:torch":16,"minecraft:diamond_chestplate":1,"minecraft:golden_carrot":20},"minecraft:custom":{"minecraft:mob_kills":85,"minecraft:animals_bred":2,"minecraft:interact_with_crafting_table":33,"minecraft:bell_ring":3,"minecraft:leave_game":16,"minecraft:time_since_death":177196,"minecraft:sprint_one_cm":519861,"minecraft:walk_one_cm":220895,"minecraft:drop":193,"minecraft:talked_to_villager":35,"minecraft:play_time":254408,"minecraft:deaths":1,"minecraft:sneak_time":10558,"minecraft:walk_under_water_one_cm":4146,"minecraft:boat_one_cm":41919,"minecraft:jump":4502,"minecraft:interact_with_blast_furnace":22,"minecraft:enchant_item":1,"minecraft:walk_on_water_one_cm":22666,"minecraft:total_world_time":254408,"minecraft:interact_with_furnace":28,"minecraft:traded_with_villager":143,"minecraft:sleep_in_bed":12,"minecraft:time_since_rest":19743,"minecraft:damage_taken":1309,"minecraft:damage_dealt":13052,"minecraft:swim_one_cm":8114,"minecraft:fly_one_cm":874209,"minecraft:open_chest":105,"minecraft:crouch_one_cm":34867,"minecraft:interact_with_smoker":26,"minecraft:fall_one_cm":105326,"minecraft:horse_one_cm":400339},"minecraft:used":{"minecraft:oak_fence":1,"minecraft:enchanting_table":1,"minecraft:stone_sword":87,"minecraft:flint_and_steel":2,"minecraft:chest":2,"minecraft:iron_sword":175,"minecraft:cooked_chicken":2,"minecraft:stone_hoe":49,"minecraft:netherrack":118,"minecraft:torch":28,"minecraft:dirt":96,"minecraft:mutton":1,"minecraft:carrot":3,"minecraft:yellow_carpet":2,"minecraft:obsidian":20,"minecraft:iron_axe":2,"minecraft:diamond_chestplate":1,"minecraft:golden_carrot":2,"minecraft:furnace":2,"minecraft:egg":1,"minecraft:cooked_beef":5,"minecraft:potato":89,"minecraft:cobbled_deepslate":7,"minecraft:wheat_seeds":8,"minecraft:cooked_mutton":4,"minecraft:water_bucket":46,"minecraft:stone_pickaxe":131,"minecraft:oak_planks":81,"minecraft:baked_potato":21,"minecraft:wooden_pickaxe":15,"minecraft:sugar_cane":36,"minecraft:fletching_table":3,"minecraft:rail":64,"minecraft:crafting_table":7,"minecraft:blast_furnace":1,"minecraft:white_bed":4,"minecraft:smoker":2,"minecraft:spruce_log":1,"minecraft:oak_log":1,"minecraft:diamond_pickaxe":441,"minecraft:iron_pickaxe":483,"minecraft:spruce_sapling":11,"minecraft:stone_axe":1,"minecraft:cobblestone":176,"minecraft:cooked_porkchop":3,"minecraft:bucket":46,"minecraft:oak_boat":6},"minecraft:dropped":{"minecraft:enchanted_book":2,"minecraft:stone_hoe":1,"minecraft:iron_sword":1,"minecraft:porkchop":4,"minecraft:wheat_seeds":20,"minecraft:oak_log":3,"minecraft:baked_potato":54,"minecraft:mossy_cobblestone":1,"minecraft:iron_helmet":1,"minecraft:feather":2,"minecraft:poisonous_potato":2,"minecraft:oak_fence":2,"minecraft:cobblestone":134,"minecraft:apple":1,"minecraft:leather":21,"minecraft:granite":17,"minecraft:fletching_table":1,"minecraft:chainmail_helmet":1,"minecraft:grass_block":1,"minecraft:stick":18,"minecraft:flint":2,"minecraft:dirt":34,"minecraft:diorite":23,"minecraft:torch":8,"minecraft:cornflower":4,"minecraft:mutton":2,"minecraft:wooden_axe":3,"minecraft:iron_leggings":7,"minecraft:gold_nugget":8,"minecraft:iron_axe":5,"minecraft:iron_pickaxe":1,"minecraft:string":6,"minecraft:white_wool":4,"minecraft:spruce_sapling":19,"minecraft:dandelion":5,"minecraft:bone":8,"minecraft:stone_axe":2,"minecraft:blackstone":5,"minecraft:soul_soil":3,"minecraft:cobbled_deepslate":25,"minecraft:stone_sword":4,"minecraft:raw_copper":11,"minecraft:stone_shovel":1,"minecraft:obsidian":1,"minecraft:chicken":3,"minecraft:rotten_flesh":19,"minecraft:iron_boots":15,"minecraft:oak_planks":42,"minecraft:stripped_oak_log":2,"minecraft:chainmail_chestplate":6,"minecraft:poppy":1,"minecraft:potato":69,"minecraft:iron_chestplate":1,"minecraft:andesite":15,"minecraft:oak_sapling":12,"minecraft:spider_eye":4,"minecraft:spruce_log":1,"minecraft:wooden_pickaxe":2,"minecraft:basalt":63,"minecraft:arrow":5,"minecraft:bow":2,"minecraft:stone_pickaxe":2,"minecraft:beef":2,"minecraft:black_wool":1,"minecraft:netherrack":111,"minecraft:egg":1},"minecraft:killed_by":{"minecraft:player":1},"minecraft:broken":{"minecraft:stone_pickaxe":1,"minecraft:iron_pickaxe":1},"minecraft:picked_up":{"minecraft:wooden_axe":2,"minecraft:crafting_table":4,"minecraft:wheat":6,"minecraft:chicken":13,"minecraft:smithing_table":1,"minecraft:enchanted_book":2,"minecraft:amethyst_block":13,"minecraft:cornflower":4,"minecraft:string":6,"minecraft:raw_copper":11,"minecraft:soul_soil":3,"minecraft:iron_axe":4,"minecraft:iron_leggings":2,"minecraft:blackstone":5,"minecraft:gold_nugget":6,"minecraft:cobbled_deepslate":32,"minecraft:spruce_planks":70,"minecraft:beef":19,"minecraft:oak_boat":6,"minecraft:poppy":1,"minecraft:sugar_cane":63,"minecraft:chest":1,"minecraft:egg":2,"minecraft:furnace":2,"minecraft:stick":63,"minecraft:raw_iron":160,"minecraft:torch":23,"minecraft:porkchop":24,"minecraft:diorite":23,"minecraft:carrot":94,"minecraft:redstone":75,"minecraft:rotten_flesh":23,"minecraft:stone_sword":2,"minecraft:arrow":12,"minecraft:stone_shovel":1,"minecraft:mutton":8,"minecraft:obsidian":35,"minecraft:cobblestone":503,"minecraft:white_wool":4,"minecraft:stripped_oak_log":2,"minecraft:basalt":63,"minecraft:feather":24,"minecraft:cooked_beef":4,"minecraft:andesite":15,"minecraft:leather":66,"minecraft:smoker":1,"minecraft:potato":302,"minecraft:flint":3,"minecraft:oak_log":40,"minecraft:chainmail_chestplate":6,"minecraft:cobblestone_stairs":2,"minecraft:gunpowder":7,"minecraft:dirt":179,"minecraft:lapis_lazuli":234,"minecraft:name_tag":2,"minecraft:bone":12,"minecraft:apple":11,"minecraft:bow":2,"minecraft:wheat_seeds":33,"minecraft:raw_gold":18,"minecraft:stone_pickaxe":1,"minecraft:iron_ingot":6,"minecraft:cooked_chicken":4,"minecraft:fletching_table":4,"minecraft:iron_sword":1,"minecraft:stone_hoe":1,"minecraft:oak_planks":23,"minecraft:dandelion":5,"minecraft:poisonous_potato":3,"minecraft:gravel":32,"minecraft:sand":5,"minecraft:amethyst_shard":20,"minecraft:spruce_sapling":86,"minecraft:blast_furnace":1,"minecraft:white_bed":4,"minecraft:spruce_log":781,"minecraft:spider_eye":4,"minecraft:mossy_cobblestone":3,"minecraft:diamond":3,"minecraft:yellow_carpet":2,"minecraft:stone_axe":2,"minecraft:golden_apple":1,"minecraft:granite":17,"minecraft:bread":9,"minecraft:oak_button":64,"minecraft:chainmail_helmet":1,"minecraft:emerald":1,"minecraft:oak_sapling":60,"minecraft:netherrack":357,"minecraft:black_wool":1,"minecraft:diamond_pickaxe":1,"minecraft:coal":102,"minecraft:ender_pearl":2},"minecraft:killed":{"minecraft:spider":4,"minecraft:skeleton":12,"minecraft:horse":4,"minecraft:chicken":11,"minecraft:piglin":1,"minecraft:pig":10,"minecraft:iron_golem":1,"minecraft:bat":1,"minecraft:creeper":4,"minecraft:sheep":5,"minecraft:zombie":12,"minecraft:villager":1,"minecraft:enderman":2,"minecraft:cow":13},"minecraft:mined":{"minecraft:nether_gold_ore":2,"minecraft:white_bed":4,"minecraft:mossy_cobblestone":1,"minecraft:obsidian":28,"minecraft:granite":6,"minecraft:grass_block":49,"minecraft:yellow_carpet":2,"minecraft:soul_soil":7,"minecraft:spruce_leaves":1,"minecraft:furnace":2,"minecraft:carrots":15,"minecraft:iron_ore":79,"minecraft:fire":10,"minecraft:andesite":16,"minecraft:deepslate_lapis_ore":1,"minecraft:fletching_table":3,"minecraft:potatoes":80,"minecraft:dirt_path":22,"minecraft:deepslate_iron_ore":47,"minecraft:stone":342,"minecraft:glass_pane":1,"minecraft:blackstone":5,"minecraft:basalt":65,"minecraft:crafting_table":4,"minecraft:torch":11,"minecraft:short_grass":82,"minecraft:blast_furnace":1,"minecraft:copper_ore":2,"minecraft:tall_grass":7,"minecraft:cobblestone":26,"minecraft:deepslate_gold_ore":9,"minecraft:lapis_ore":13,"minecraft:sugar_cane":46,"minecraft:oak_planks":16,"minecraft:diorite":12,"minecraft:wall_torch":8,"minecraft:wheat":6,"minecraft:spruce_log":7,"minecraft:coal_ore":63,"minecraft:oak_log":5,"minecraft:gravel":1,"minecraft:dirt":36,"minecraft:netherrack":300,"minecraft:gold_ore":9,"minecraft:oak_leaves":7,"minecraft:deepslate":27}},"DataVersion":4082}