{"stats":{"minecraft:used":{"minecraft:stone_pickaxe":51,"minecraft:wooden_pickaxe":11},"minecraft:picked_up":{"minecraft:wooden_pickaxe":1,"minecraft:stone_pickaxe":1,"minecraft:oak_sapling":1,"minecraft:cobblestone":44,"minecraft:dirt":3},"minecraft:crafted":{"minecraft:stone_sword":1,"minecraft:stone_pickaxe":1},"minecraft:mined":{"minecraft:dirt":1,"minecraft:cobblestone":61},"minecraft:custom":{"minecraft:time_since_rest":13294,"minecraft:open_chest":9,"minecraft:crouch_one_cm":3493,"minecraft:play_time":13294,"minecraft:sprint_one_cm":81,"minecraft:walk_one_cm":8420,"minecraft:sneak_time":2590,"minecraft:jump":34,"minecraft:damage_dealt":10,"minecraft:leave_game":1,"minecraft:time_since_death":13294,"minecraft:total_world_time":13294,"minecraft:interact_with_crafting_table":1,"minecraft:fall_one_cm":418,"minecraft:fly_one_cm":74}},"DataVersion":3955}