{"stats":{"minecraft:crafted":{"minecraft:smooth_stone":8,"minecraft:oak_planks":404,"minecraft:chainmail_helmet":12,"minecraft:cobblestone_slab":54,"minecraft:furnace":2,"minecraft:blast_furnace":1,"minecraft:stone":13,"minecraft:spruce_stairs":40,"minecraft:diamond_helmet":1,"minecraft:diamond_leggings":1,"minecraft:iron_axe":18,"minecraft:iron_hoe":1,"minecraft:stone_pickaxe":1,"minecraft:chest":4,"minecraft:diamond_boots":1,"minecraft:chainmail_leggings":12,"minecraft:wheat":108,"minecraft:cooked_beef":54,"minecraft:emerald":277,"minecraft:crafting_table":2,"minecraft:spruce_planks":6968,"minecraft:wooden_pickaxe":1,"minecraft:baked_potato":5,"minecraft:iron_helmet":12,"minecraft:fletching_table":3,"minecraft:bucket":1,"minecraft:hay_block":3,"minecraft:birch_planks":116,"minecraft:bread":27,"minecraft:air":0,"minecraft:white_wool":1,"minecraft:diamond_pickaxe":1,"minecraft:shield":4,"minecraft:stick":14535,"minecraft:iron_ingot":86,"minecraft:iron_pickaxe":2,"minecraft:wooden_axe":1,"minecraft:iron_shovel":3,"minecraft:white_bed":5,"minecraft:torch":16,"minecraft:diamond_chestplate":1},"minecraft:custom":{"minecraft:mob_kills":94,"minecraft:interact_with_crafting_table":69,"minecraft:bell_ring":22,"minecraft:leave_game":7,"minecraft:time_since_death":219748,"minecraft:sprint_one_cm":708627,"minecraft:walk_one_cm":388185,"minecraft:damage_blocked_by_shield":430,"minecraft:drop":178,"minecraft:talked_to_villager":69,"minecraft:play_time":219748,"minecraft:sneak_time":3645,"minecraft:walk_under_water_one_cm":10246,"minecraft:jump":5061,"minecraft:interact_with_blast_furnace":1,"minecraft:walk_on_water_one_cm":10741,"minecraft:total_world_time":219748,"minecraft:interact_with_furnace":21,"minecraft:traded_with_villager":320,"minecraft:sleep_in_bed":2,"minecraft:time_since_rest":47315,"minecraft:damage_taken":1853,"minecraft:damage_dealt":14396,"minecraft:fly_one_cm":1079117,"minecraft:swim_one_cm":29985,"minecraft:player_kills":1,"minecraft:open_chest":178,"minecraft:crouch_one_cm":10259,"minecraft:interact_with_smoker":10,"minecraft:fall_one_cm":127476},"minecraft:used":{"minecraft:oak_fence":2,"minecraft:jack_o_lantern":4,"minecraft:iron_shovel":554,"minecraft:chest":4,"minecraft:spruce_planks":2,"minecraft:shield":6,"minecraft:bell":1,"minecraft:torch":16,"minecraft:dirt":473,"minecraft:spruce_stairs":12,"minecraft:tuff":4,"minecraft:iron_hoe":71,"minecraft:wooden_axe":16,"minecraft:iron_axe":303,"minecraft:light_gray_wool":2,"minecraft:furnace":2,"minecraft:oak_sapling":11,"minecraft:egg":1,"minecraft:cooked_beef":13,"minecraft:potato":51,"minecraft:wheat_seeds":1,"minecraft:water_bucket":114,"minecraft:cobblestone_stairs":5,"minecraft:birch_planks":1,"minecraft:stone_pickaxe":69,"minecraft:oak_planks":91,"minecraft:baked_potato":2,"minecraft:sugar_cane":64,"minecraft:wooden_pickaxe":2,"minecraft:fletching_table":7,"minecraft:blue_bed":11,"minecraft:cobblestone_slab":41,"minecraft:mossy_cobblestone":1,"minecraft:blast_furnace":1,"minecraft:crafting_table":6,"minecraft:white_bed":6,"minecraft:smoker":1,"minecraft:spruce_log":81,"minecraft:oak_log":1,"minecraft:diamond_pickaxe":18,"minecraft:black_wool":2,"minecraft:bread":42,"minecraft:iron_pickaxe":253,"minecraft:spruce_trapdoor":5,"minecraft:spruce_sapling":135,"minecraft:gravel":30,"minecraft:cobblestone":38,"minecraft:purple_bed":1,"minecraft:porkchop":3,"minecraft:bucket":115,"minecraft:andesite":5,"minecraft:smooth_stone_slab":1,"minecraft:diamond_leggings":1},"minecraft:dropped":{"minecraft:birch_planks":2,"minecraft:wheat_seeds":29,"minecraft:iron_helmet":12,"minecraft:apple":1,"minecraft:spruce_door":1,"minecraft:chainmail_helmet":22,"minecraft:stick":1,"minecraft:cobblestone_stairs":1,"minecraft:dirt":6,"minecraft:wooden_axe":1,"minecraft:iron_leggings":2,"minecraft:iron_axe":7,"minecraft:iron_pickaxe":1,"minecraft:chainmail_leggings":24,"minecraft:string":3,"minecraft:spruce_sapling":1,"minecraft:bone":2,"minecraft:cobblestone_wall":4,"minecraft:wheat":4,"minecraft:rotten_flesh":4,"minecraft:iron_boots":11,"minecraft:iron_hoe":1,"minecraft:pumpkin_seeds":4,"minecraft:poppy":5,"minecraft:shield":7,"minecraft:gunpowder":1,"minecraft:spruce_trapdoor":8,"minecraft:spruce_planks":2378,"minecraft:charcoal":2,"minecraft:oak_sapling":1,"minecraft:spruce_log":7,"minecraft:wooden_pickaxe":1,"minecraft:stone_pickaxe":2},"minecraft:broken":{"minecraft:iron_shovel":1,"minecraft:iron_axe":2},"minecraft:picked_up":{"minecraft:charcoal":4,"minecraft:crafting_table":5,"minecraft:wheat":4,"minecraft:shield":4,"minecraft:string":10,"minecraft:iron_axe":2,"minecraft:smooth_stone_slab":1,"minecraft:iron_leggings":2,"minecraft:cobbled_deepslate":4,"minecraft:spruce_planks":2392,"minecraft:beef":98,"minecraft:cobblestone_slab":1,"minecraft:poppy":5,"minecraft:light_gray_wool":2,"minecraft:sugar_cane":76,"minecraft:birch_sapling":8,"minecraft:spruce_trapdoor":27,"minecraft:egg":1,"minecraft:iron_boots":12,"minecraft:furnace":1,"minecraft:stick":252,"minecraft:raw_iron":102,"minecraft:composter":2,"minecraft:oak_fence":2,"minecraft:torch":12,"minecraft:porkchop":3,"minecraft:arrow":2,"minecraft:rotten_flesh":11,"minecraft:hay_block":2,"minecraft:obsidian":16,"minecraft:mutton":28,"minecraft:white_wool":15,"minecraft:cobblestone":119,"minecraft:birch_log":29,"minecraft:andesite":5,"minecraft:leather":39,"minecraft:smoker":1,"minecraft:potato":34,"minecraft:birch_planks":1,"minecraft:flint":6,"minecraft:tuff":4,"minecraft:oak_log":166,"minecraft:cobblestone_wall":10,"minecraft:gunpowder":5,"minecraft:cobblestone_stairs":7,"minecraft:dirt":581,"minecraft:blue_bed":11,"minecraft:lapis_lazuli":32,"minecraft:bone":6,"minecraft:apple":11,"minecraft:bow":1,"minecraft:wheat_seeds":40,"minecraft:raw_gold":2,"minecraft:bell":1,"minecraft:iron_ingot":17,"minecraft:stone_pickaxe":1,"minecraft:fletching_table":4,"minecraft:oak_planks":18,"minecraft:pumpkin":16,"minecraft:sweet_berries":49,"minecraft:gravel":30,"minecraft:spruce_sapling":300,"minecraft:white_bed":1,"minecraft:spruce_log":2531,"minecraft:mossy_cobblestone":4,"minecraft:spruce_door":3,"minecraft:iron_hoe":1,"minecraft:pumpkin_seeds":4,"minecraft:purple_bed":1,"minecraft:diamond":5,"minecraft:chainmail_leggings":12,"minecraft:chainmail_helmet":10,"minecraft:emerald":2,"minecraft:oak_sapling":81,"minecraft:jack_o_lantern":4,"minecraft:black_wool":2,"minecraft:coal":73},"minecraft:killed":{"minecraft:cave_spider":3,"minecraft:skeleton":4,"minecraft:chicken":1,"minecraft:wolf":1,"minecraft:pig":1,"minecraft:iron_golem":4,"minecraft:creeper":4,"minecraft:sheep":19,"minecraft:zombie":12,"minecraft:cow":44},"minecraft:mined":{"minecraft:diamond_ore":3,"minecraft:tuff":4,"minecraft:spruce_planks":4,"minecraft:white_bed":1,"minecraft:farmland":15,"minecraft:mossy_cobblestone":3,"minecraft:deepslate_diamond_ore":2,"minecraft:cobblestone_stairs":7,"minecraft:jack_o_lantern":4,"minecraft:obsidian":16,"minecraft:spruce_trapdoor":23,"minecraft:grass_block":299,"minecraft:spruce_leaves":9,"minecraft:composter":2,"minecraft:large_fern":20,"minecraft:hay_block":2,"minecraft:spruce_sapling":7,"minecraft:furnace":1,"minecraft:iron_ore":64,"minecraft:andesite":5,"minecraft:pumpkin":16,"minecraft:fletching_table":4,"minecraft:bell":1,"minecraft:potatoes":8,"minecraft:cobblestone_slab":1,"minecraft:dirt_path":116,"minecraft:deepslate_iron_ore":23,"minecraft:stone":77,"minecraft:glass_pane":2,"minecraft:smoker":1,"minecraft:spruce_door":3,"minecraft:crafting_table":5,"minecraft:torch":2,"minecraft:short_grass":94,"minecraft:emerald_ore":2,"minecraft:campfire":2,"minecraft:cobblestone":35,"minecraft:tall_grass":11,"minecraft:lapis_ore":5,"minecraft:sugar_cane":58,"minecraft:oak_planks":17,"minecraft:blue_bed":11,"minecraft:wall_torch":6,"minecraft:purple_bed":1,"minecraft:cobblestone_wall":10,"minecraft:wheat":4,"minecraft:sweet_berry_bush":20,"minecraft:spruce_log":31,"minecraft:smooth_stone_slab":1,"minecraft:oak_log":14,"minecraft:coal_ore":60,"minecraft:gravel":36,"minecraft:dirt":136,"minecraft:gold_ore":2,"minecraft:oak_leaves":19,"minecraft:fern":24,"minecraft:deepslate":4}},"DataVersion":4082}