{"stats":{"minecraft:mined":{"minecraft:diamond_ore":3,"minecraft:spruce_planks":4,"minecraft:farmland":15,"minecraft:mossy_cobblestone":3,"minecraft:cobblestone_stairs":5,"minecraft:jack_o_lantern":4,"minecraft:spruce_trapdoor":22,"minecraft:grass_block":249,"minecraft:spruce_leaves":3,"minecraft:composter":2,"minecraft:large_fern":16,"minecraft:hay_block":2,"minecraft:furnace":1,"minecraft:iron_ore":44,"minecraft:andesite":5,"minecraft:pumpkin":16,"minecraft:dirt_path":116,"minecraft:stone":33,"minecraft:glass_pane":2,"minecraft:smoker":1,"minecraft:spruce_door":2,"minecraft:crafting_table":5,"minecraft:torch":2,"minecraft:short_grass":60,"minecraft:emerald_ore":1,"minecraft:campfire":2,"minecraft:tall_grass":2,"minecraft:cobblestone":34,"minecraft:sugar_cane":30,"minecraft:oak_planks":17,"minecraft:wall_torch":4,"minecraft:blue_bed":11,"minecraft:purple_bed":1,"minecraft:cobblestone_wall":6,"minecraft:wheat":2,"minecraft:spruce_log":16,"minecraft:smooth_stone_slab":1,"minecraft:coal_ore":17,"minecraft:oak_log":14,"minecraft:dirt":115,"minecraft:oak_leaves":15,"minecraft:fern":10},"minecraft:dropped":{"minecraft:wheat_seeds":23,"minecraft:apple":1,"minecraft:stick":1,"minecraft:cobblestone_stairs":1,"minecraft:wooden_axe":1,"minecraft:iron_leggings":1,"minecraft:string":3,"minecraft:bone":2,"minecraft:cobblestone_wall":4,"minecraft:wheat":1,"minecraft:rotten_flesh":4,"minecraft:iron_boots":11,"minecraft:pumpkin_seeds":4,"minecraft:poppy":1,"minecraft:gunpowder":1,"minecraft:spruce_trapdoor":8,"minecraft:charcoal":2,"minecraft:oak_sapling":1,"minecraft:wooden_pickaxe":1,"minecraft:stone_pickaxe":2},"minecraft:used":{"minecraft:oak_fence":2,"minecraft:jack_o_lantern":2,"minecraft:iron_shovel":505,"minecraft:chest":2,"minecraft:spruce_planks":2,"minecraft:torch":10,"minecraft:dirt":305,"minecraft:wooden_axe":16,"minecraft:iron_axe":179,"minecraft:furnace":2,"minecraft:oak_sapling":11,"minecraft:egg":1,"minecraft:water_bucket":7,"minecraft:baked_potato":2,"minecraft:stone_pickaxe":69,"minecraft:oak_planks":91,"minecraft:wooden_pickaxe":2,"minecraft:blue_bed":11,"minecraft:mossy_cobblestone":1,"minecraft:crafting_table":6,"minecraft:spruce_log":80,"minecraft:oak_log":1,"minecraft:black_wool":1,"minecraft:bread":33,"minecraft:iron_pickaxe":93,"minecraft:spruce_trapdoor":4,"minecraft:spruce_sapling":4,"minecraft:cobblestone":18,"minecraft:purple_bed":1,"minecraft:porkchop":3,"minecraft:andesite":5,"minecraft:bucket":8,"minecraft:smooth_stone_slab":1},"minecraft:custom":{"minecraft:mob_kills":44,"minecraft:interact_with_crafting_table":19,"minecraft:leave_game":2,"minecraft:time_since_death":100868,"minecraft:sprint_one_cm":327872,"minecraft:walk_one_cm":199833,"minecraft:drop":48,"minecraft:talked_to_villager":3,"minecraft:play_time":100868,"minecraft:sneak_time":1846,"minecraft:walk_under_water_one_cm":2835,"minecraft:jump":2660,"minecraft:walk_on_water_one_cm":3307,"minecraft:total_world_time":100868,"minecraft:interact_with_furnace":14,"minecraft:sleep_in_bed":1,"minecraft:time_since_rest":6785,"minecraft:damage_taken":1004,"minecraft:damage_dealt":6284,"minecraft:player_kills":1,"minecraft:swim_one_cm":10624,"minecraft:fly_one_cm":571365,"minecraft:open_chest":47,"minecraft:crouch_one_cm":5692,"minecraft:interact_with_smoker":1,"minecraft:fall_one_cm":67646},"minecraft:picked_up":{"minecraft:charcoal":4,"minecraft:crafting_table":5,"minecraft:wheat":1,"minecraft:string":10,"minecraft:smooth_stone_slab":1,"minecraft:iron_leggings":2,"minecraft:spruce_planks":4,"minecraft:beef":54,"minecraft:poppy":1,"minecraft:sugar_cane":45,"minecraft:birch_sapling":8,"minecraft:iron_boots":12,"minecraft:spruce_trapdoor":26,"minecraft:egg":1,"minecraft:furnace":1,"minecraft:raw_iron":60,"minecraft:stick":61,"minecraft:composter":2,"minecraft:oak_fence":2,"minecraft:torch":10,"minecraft:porkchop":3,"minecraft:arrow":2,"minecraft:rotten_flesh":5,"minecraft:hay_block":2,"minecraft:mutton":10,"minecraft:cobblestone":74,"minecraft:white_wool":6,"minecraft:birch_log":29,"minecraft:andesite":5,"minecraft:leather":21,"minecraft:smoker":1,"minecraft:potato":1,"minecraft:oak_log":156,"minecraft:gunpowder":1,"minecraft:cobblestone_wall":6,"minecraft:cobblestone_stairs":5,"minecraft:dirt":507,"minecraft:blue_bed":11,"minecraft:bone":6,"minecraft:apple":11,"minecraft:bow":1,"minecraft:wheat_seeds":26,"minecraft:stone_pickaxe":1,"minecraft:iron_ingot":4,"minecraft:oak_planks":18,"minecraft:pumpkin":16,"minecraft:spruce_sapling":31,"minecraft:spruce_log":123,"minecraft:spruce_door":2,"minecraft:mossy_cobblestone":4,"minecraft:pumpkin_seeds":4,"minecraft:purple_bed":1,"minecraft:diamond":3,"minecraft:emerald":1,"minecraft:jack_o_lantern":4,"minecraft:oak_sapling":76,"minecraft:black_wool":1,"minecraft:coal":30},"minecraft:crafted":{"minecraft:oak_planks":208,"minecraft:furnace":1,"minecraft:iron_axe":2,"minecraft:stone_pickaxe":1,"minecraft:chest":2,"minecraft:wheat":90,"minecraft:crafting_table":2,"minecraft:baked_potato":5,"minecraft:wooden_pickaxe":1,"minecraft:bucket":1,"minecraft:hay_block":3,"minecraft:birch_planks":64,"minecraft:bread":21,"minecraft:air":0,"minecraft:white_wool":1,"minecraft:shield":1,"minecraft:stick":4,"minecraft:iron_pickaxe":1,"minecraft:iron_ingot":44,"minecraft:wooden_axe":1,"minecraft:iron_shovel":2},"minecraft:broken":{"minecraft:iron_shovel":1,"minecraft:iron_axe":1},"minecraft:killed":{"minecraft:cave_spider":3,"minecraft:skeleton":3,"minecraft:pig":1,"minecraft:iron_golem":1,"minecraft:creeper":1,"minecraft:sheep":7,"minecraft:zombie":3,"minecraft:cow":25}},"DataVersion":4082}