{"stats":{"minecraft:crafted":{"minecraft:oak_planks":208,"minecraft:cobblestone_slab":6,"minecraft:furnace":1,"minecraft:iron_axe":17,"minecraft:iron_hoe":1,"minecraft:stone_pickaxe":1,"minecraft:chest":4,"minecraft:wheat":108,"minecraft:cooked_beef":54,"minecraft:crafting_table":2,"minecraft:wooden_pickaxe":1,"minecraft:baked_potato":5,"minecraft:bucket":1,"minecraft:hay_block":3,"minecraft:birch_planks":64,"minecraft:bread":27,"minecraft:air":0,"minecraft:white_wool":1,"minecraft:diamond_pickaxe":1,"minecraft:shield":1,"minecraft:stick":4,"minecraft:iron_ingot":44,"minecraft:iron_pickaxe":2,"minecraft:wooden_axe":1,"minecraft:iron_shovel":2,"minecraft:white_bed":5,"minecraft:torch":16},"minecraft:custom":{"minecraft:mob_kills":84,"minecraft:interact_with_crafting_table":39,"minecraft:bell_ring":22,"minecraft:leave_game":6,"minecraft:time_since_death":154727,"minecraft:sprint_one_cm":545947,"minecraft:walk_one_cm":305801,"minecraft:damage_blocked_by_shield":430,"minecraft:drop":64,"minecraft:talked_to_villager":3,"minecraft:play_time":154727,"minecraft:sneak_time":3094,"minecraft:walk_under_water_one_cm":9905,"minecraft:jump":3999,"minecraft:walk_on_water_one_cm":9549,"minecraft:total_world_time":154727,"minecraft:interact_with_furnace":17,"minecraft:sleep_in_bed":1,"minecraft:time_since_rest":60644,"minecraft:damage_taken":1691,"minecraft:damage_dealt":12454,"minecraft:fly_one_cm":833095,"minecraft:swim_one_cm":26391,"minecraft:player_kills":1,"minecraft:open_chest":92,"minecraft:crouch_one_cm":8733,"minecraft:interact_with_smoker":9,"minecraft:fall_one_cm":103244},"minecraft:used":{"minecraft:oak_fence":2,"minecraft:jack_o_lantern":4,"minecraft:iron_shovel":508,"minecraft:spruce_planks":2,"minecraft:chest":4,"minecraft:shield":6,"minecraft:bell":1,"minecraft:torch":15,"minecraft:dirt":460,"minecraft:tuff":4,"minecraft:iron_hoe":71,"minecraft:wooden_axe":16,"minecraft:iron_axe":276,"minecraft:light_gray_wool":2,"minecraft:oak_sapling":11,"minecraft:furnace":2,"minecraft:egg":1,"minecraft:cooked_beef":8,"minecraft:potato":15,"minecraft:water_bucket":55,"minecraft:cobblestone_stairs":2,"minecraft:stone_pickaxe":69,"minecraft:baked_potato":2,"minecraft:oak_planks":91,"minecraft:wooden_pickaxe":2,"minecraft:cobblestone_slab":1,"minecraft:blue_bed":11,"minecraft:mossy_cobblestone":1,"minecraft:crafting_table":6,"minecraft:white_bed":5,"minecraft:spruce_log":81,"minecraft:smoker":1,"minecraft:oak_log":1,"minecraft:black_wool":2,"minecraft:bread":42,"minecraft:iron_pickaxe":251,"minecraft:spruce_trapdoor":5,"minecraft:spruce_sapling":135,"minecraft:cobblestone":38,"minecraft:purple_bed":1,"minecraft:porkchop":3,"minecraft:bucket":56,"minecraft:andesite":5,"minecraft:smooth_stone_slab":1},"minecraft:dropped":{"minecraft:wheat_seeds":24,"minecraft:apple":1,"minecraft:spruce_door":1,"minecraft:stick":1,"minecraft:cobblestone_stairs":1,"minecraft:wooden_axe":1,"minecraft:iron_leggings":1,"minecraft:iron_axe":7,"minecraft:iron_pickaxe":1,"minecraft:string":3,"minecraft:spruce_sapling":1,"minecraft:bone":2,"minecraft:cobblestone_wall":4,"minecraft:wheat":1,"minecraft:rotten_flesh":4,"minecraft:iron_boots":11,"minecraft:pumpkin_seeds":4,"minecraft:poppy":5,"minecraft:shield":1,"minecraft:gunpowder":1,"minecraft:spruce_trapdoor":8,"minecraft:charcoal":2,"minecraft:oak_sapling":1,"minecraft:wooden_pickaxe":1,"minecraft:stone_pickaxe":2},"minecraft:broken":{"minecraft:iron_shovel":1,"minecraft:iron_axe":1},"minecraft:picked_up":{"minecraft:charcoal":4,"minecraft:crafting_table":5,"minecraft:wheat":1,"minecraft:shield":1,"minecraft:string":10,"minecraft:iron_axe":2,"minecraft:smooth_stone_slab":1,"minecraft:iron_leggings":2,"minecraft:cobbled_deepslate":4,"minecraft:spruce_planks":4,"minecraft:beef":78,"minecraft:poppy":5,"minecraft:light_gray_wool":2,"minecraft:sugar_cane":61,"minecraft:birch_sapling":8,"minecraft:spruce_trapdoor":27,"minecraft:egg":1,"minecraft:iron_boots":12,"minecraft:furnace":1,"minecraft:stick":229,"minecraft:raw_iron":102,"minecraft:composter":2,"minecraft:oak_fence":2,"minecraft:torch":11,"minecraft:porkchop":3,"minecraft:rotten_flesh":11,"minecraft:arrow":2,"minecraft:hay_block":2,"minecraft:mutton":28,"minecraft:cobblestone":119,"minecraft:white_wool":15,"minecraft:birch_log":29,"minecraft:andesite":5,"minecraft:leather":31,"minecraft:smoker":1,"minecraft:potato":1,"minecraft:tuff":4,"minecraft:oak_log":166,"minecraft:cobblestone_wall":10,"minecraft:gunpowder":5,"minecraft:cobblestone_stairs":7,"minecraft:dirt":517,"minecraft:lapis_lazuli":32,"minecraft:blue_bed":11,"minecraft:bone":6,"minecraft:apple":11,"minecraft:bow":1,"minecraft:wheat_seeds":30,"minecraft:raw_gold":2,"minecraft:bell":1,"minecraft:iron_ingot":13,"minecraft:stone_pickaxe":1,"minecraft:oak_planks":18,"minecraft:pumpkin":16,"minecraft:sweet_berries":49,"minecraft:spruce_sapling":280,"minecraft:spruce_log":2400,"minecraft:mossy_cobblestone":4,"minecraft:spruce_door":3,"minecraft:pumpkin_seeds":4,"minecraft:purple_bed":1,"minecraft:diamond":5,"minecraft:emerald":2,"minecraft:oak_sapling":81,"minecraft:jack_o_lantern":4,"minecraft:black_wool":2,"minecraft:coal":73},"minecraft:killed":{"minecraft:cave_spider":3,"minecraft:skeleton":4,"minecraft:chicken":1,"minecraft:wolf":1,"minecraft:pig":1,"minecraft:iron_golem":3,"minecraft:creeper":4,"minecraft:sheep":19,"minecraft:zombie":12,"minecraft:cow":36},"minecraft:mined":{"minecraft:diamond_ore":3,"minecraft:tuff":4,"minecraft:spruce_planks":4,"minecraft:farmland":15,"minecraft:mossy_cobblestone":3,"minecraft:deepslate_diamond_ore":2,"minecraft:cobblestone_stairs":7,"minecraft:jack_o_lantern":4,"minecraft:spruce_trapdoor":23,"minecraft:grass_block":250,"minecraft:spruce_leaves":9,"minecraft:composter":2,"minecraft:large_fern":20,"minecraft:hay_block":2,"minecraft:spruce_sapling":7,"minecraft:furnace":1,"minecraft:iron_ore":64,"minecraft:andesite":5,"minecraft:pumpkin":16,"minecraft:bell":1,"minecraft:deepslate_iron_ore":23,"minecraft:dirt_path":116,"minecraft:stone":77,"minecraft:glass_pane":2,"minecraft:smoker":1,"minecraft:spruce_door":3,"minecraft:crafting_table":5,"minecraft:torch":2,"minecraft:short_grass":76,"minecraft:emerald_ore":2,"minecraft:campfire":2,"minecraft:cobblestone":35,"minecraft:tall_grass":6,"minecraft:lapis_ore":5,"minecraft:sugar_cane":41,"minecraft:oak_planks":17,"minecraft:blue_bed":11,"minecraft:wall_torch":5,"minecraft:purple_bed":1,"minecraft:cobblestone_wall":10,"minecraft:sweet_berry_bush":20,"minecraft:wheat":2,"minecraft:spruce_log":30,"minecraft:smooth_stone_slab":1,"minecraft:oak_log":14,"minecraft:coal_ore":60,"minecraft:dirt":125,"minecraft:gold_ore":2,"minecraft:oak_leaves":19,"minecraft:deepslate":4,"minecraft:fern":23}},"DataVersion":4082}