{"stats":{"minecraft:crafted":{"minecraft:oak_planks":208,"minecraft:furnace":1,"minecraft:iron_axe":5,"minecraft:iron_hoe":1,"minecraft:stone_pickaxe":1,"minecraft:chest":2,"minecraft:wheat":108,"minecraft:cooked_beef":54,"minecraft:crafting_table":2,"minecraft:wooden_pickaxe":1,"minecraft:baked_potato":5,"minecraft:bucket":1,"minecraft:hay_block":3,"minecraft:birch_planks":64,"minecraft:bread":27,"minecraft:air":0,"minecraft:white_wool":1,"minecraft:diamond_pickaxe":1,"minecraft:shield":1,"minecraft:stick":4,"minecraft:iron_ingot":44,"minecraft:iron_pickaxe":2,"minecraft:wooden_axe":1,"minecraft:iron_shovel":2,"minecraft:white_bed":5},"minecraft:custom":{"minecraft:mob_kills":73,"minecraft:interact_with_crafting_table":33,"minecraft:bell_ring":22,"minecraft:leave_game":5,"minecraft:time_since_death":140034,"minecraft:sprint_one_cm":452495,"minecraft:walk_one_cm":271726,"minecraft:damage_blocked_by_shield":400,"minecraft:drop":56,"minecraft:talked_to_villager":3,"minecraft:play_time":140034,"minecraft:sneak_time":2979,"minecraft:walk_under_water_one_cm":9480,"minecraft:jump":3665,"minecraft:walk_on_water_one_cm":7431,"minecraft:total_world_time":140034,"minecraft:interact_with_furnace":17,"minecraft:sleep_in_bed":1,"minecraft:time_since_rest":45951,"minecraft:damage_taken":1560,"minecraft:damage_dealt":10484,"minecraft:fly_one_cm":765321,"minecraft:swim_one_cm":20653,"minecraft:player_kills":1,"minecraft:open_chest":82,"minecraft:crouch_one_cm":8670,"minecraft:interact_with_smoker":9,"minecraft:fall_one_cm":95433},"minecraft:used":{"minecraft:oak_fence":2,"minecraft:jack_o_lantern":4,"minecraft:iron_shovel":508,"minecraft:spruce_planks":2,"minecraft:chest":2,"minecraft:shield":5,"minecraft:bell":1,"minecraft:torch":10,"minecraft:dirt":456,"minecraft:tuff":4,"minecraft:iron_hoe":71,"minecraft:wooden_axe":16,"minecraft:iron_axe":231,"minecraft:light_gray_wool":2,"minecraft:oak_sapling":11,"minecraft:furnace":2,"minecraft:egg":1,"minecraft:cooked_beef":5,"minecraft:potato":15,"minecraft:water_bucket":54,"minecraft:cobblestone_stairs":2,"minecraft:stone_pickaxe":69,"minecraft:baked_potato":2,"minecraft:oak_planks":91,"minecraft:wooden_pickaxe":2,"minecraft:blue_bed":11,"minecraft:mossy_cobblestone":1,"minecraft:crafting_table":6,"minecraft:white_bed":5,"minecraft:spruce_log":81,"minecraft:smoker":1,"minecraft:oak_log":1,"minecraft:black_wool":2,"minecraft:bread":42,"minecraft:iron_pickaxe":251,"minecraft:spruce_trapdoor":5,"minecraft:spruce_sapling":80,"minecraft:cobblestone":38,"minecraft:purple_bed":1,"minecraft:porkchop":3,"minecraft:bucket":55,"minecraft:andesite":5,"minecraft:smooth_stone_slab":1},"minecraft:dropped":{"minecraft:wheat_seeds":23,"minecraft:apple":1,"minecraft:spruce_door":1,"minecraft:stick":1,"minecraft:cobblestone_stairs":1,"minecraft:wooden_axe":1,"minecraft:iron_leggings":1,"minecraft:iron_axe":1,"minecraft:iron_pickaxe":1,"minecraft:string":3,"minecraft:spruce_sapling":1,"minecraft:bone":2,"minecraft:cobblestone_wall":4,"minecraft:wheat":1,"minecraft:rotten_flesh":4,"minecraft:iron_boots":11,"minecraft:pumpkin_seeds":4,"minecraft:poppy":5,"minecraft:gunpowder":1,"minecraft:spruce_trapdoor":8,"minecraft:charcoal":2,"minecraft:oak_sapling":1,"minecraft:wooden_pickaxe":1,"minecraft:stone_pickaxe":2},"minecraft:broken":{"minecraft:iron_shovel":1,"minecraft:iron_axe":1},"minecraft:picked_up":{"minecraft:charcoal":4,"minecraft:crafting_table":5,"minecraft:wheat":1,"minecraft:string":10,"minecraft:smooth_stone_slab":1,"minecraft:iron_leggings":2,"minecraft:cobbled_deepslate":4,"minecraft:spruce_planks":4,"minecraft:beef":78,"minecraft:poppy":5,"minecraft:light_gray_wool":2,"minecraft:sugar_cane":61,"minecraft:birch_sapling":8,"minecraft:spruce_trapdoor":27,"minecraft:egg":1,"minecraft:iron_boots":12,"minecraft:furnace":1,"minecraft:stick":96,"minecraft:raw_iron":102,"minecraft:composter":2,"minecraft:oak_fence":2,"minecraft:torch":10,"minecraft:porkchop":3,"minecraft:rotten_flesh":6,"minecraft:arrow":2,"minecraft:hay_block":2,"minecraft:mutton":28,"minecraft:cobblestone":119,"minecraft:white_wool":15,"minecraft:birch_log":29,"minecraft:andesite":5,"minecraft:leather":31,"minecraft:smoker":1,"minecraft:potato":1,"minecraft:tuff":4,"minecraft:oak_log":166,"minecraft:cobblestone_wall":10,"minecraft:gunpowder":1,"minecraft:cobblestone_stairs":7,"minecraft:dirt":517,"minecraft:lapis_lazuli":32,"minecraft:blue_bed":11,"minecraft:bone":6,"minecraft:apple":11,"minecraft:bow":1,"minecraft:wheat_seeds":29,"minecraft:raw_gold":2,"minecraft:bell":1,"minecraft:iron_ingot":13,"minecraft:stone_pickaxe":1,"minecraft:oak_planks":18,"minecraft:pumpkin":16,"minecraft:sweet_berries":49,"minecraft:spruce_sapling":81,"minecraft:spruce_log":312,"minecraft:mossy_cobblestone":4,"minecraft:spruce_door":3,"minecraft:pumpkin_seeds":4,"minecraft:purple_bed":1,"minecraft:diamond":5,"minecraft:emerald":2,"minecraft:oak_sapling":81,"minecraft:jack_o_lantern":4,"minecraft:black_wool":2,"minecraft:coal":73},"minecraft:killed":{"minecraft:cave_spider":3,"minecraft:skeleton":3,"minecraft:chicken":1,"minecraft:pig":1,"minecraft:iron_golem":3,"minecraft:creeper":1,"minecraft:sheep":19,"minecraft:zombie":6,"minecraft:cow":36},"minecraft:mined":{"minecraft:diamond_ore":3,"minecraft:tuff":4,"minecraft:spruce_planks":4,"minecraft:farmland":15,"minecraft:mossy_cobblestone":3,"minecraft:deepslate_diamond_ore":2,"minecraft:cobblestone_stairs":7,"minecraft:jack_o_lantern":4,"minecraft:spruce_trapdoor":23,"minecraft:grass_block":250,"minecraft:spruce_leaves":7,"minecraft:composter":2,"minecraft:large_fern":19,"minecraft:hay_block":2,"minecraft:spruce_sapling":4,"minecraft:furnace":1,"minecraft:iron_ore":64,"minecraft:andesite":5,"minecraft:pumpkin":16,"minecraft:bell":1,"minecraft:deepslate_iron_ore":23,"minecraft:dirt_path":116,"minecraft:stone":77,"minecraft:glass_pane":2,"minecraft:smoker":1,"minecraft:spruce_door":3,"minecraft:crafting_table":5,"minecraft:torch":2,"minecraft:short_grass":74,"minecraft:emerald_ore":2,"minecraft:campfire":2,"minecraft:cobblestone":35,"minecraft:tall_grass":6,"minecraft:lapis_ore":5,"minecraft:sugar_cane":41,"minecraft:oak_planks":17,"minecraft:blue_bed":11,"minecraft:wall_torch":4,"minecraft:purple_bed":1,"minecraft:cobblestone_wall":10,"minecraft:sweet_berry_bush":20,"minecraft:wheat":2,"minecraft:spruce_log":17,"minecraft:smooth_stone_slab":1,"minecraft:oak_log":14,"minecraft:coal_ore":60,"minecraft:dirt":125,"minecraft:gold_ore":2,"minecraft:oak_leaves":19,"minecraft:deepslate":4,"minecraft:fern":15}},"DataVersion":4082}