{"stats":{"minecraft:killed":{"minecraft:cave_spider":3,"minecraft:skeleton":5,"minecraft:chicken":1,"minecraft:wolf":1,"minecraft:magma_cube":1,"minecraft:piglin":4,"minecraft:pig":1,"minecraft:iron_golem":5,"minecraft:creeper":4,"minecraft:sheep":19,"minecraft:zombie":12,"minecraft:blaze":2,"minecraft:cow":46,"minecraft:enderman":4},"minecraft:picked_up":{"minecraft:wheat":4,"minecraft:golden_sword":1,"minecraft:string":10,"minecraft:soul_soil":5,"minecraft:raw_copper":84,"minecraft:smooth_stone_slab":1,"minecraft:iron_leggings":2,"minecraft:shroomlight":2,"minecraft:red_sand":2,"minecraft:gold_nugget":149,"minecraft:cobbled_deepslate":4,"minecraft:spruce_planks":2449,"minecraft:cobblestone_slab":1,"minecraft:iron_boots":12,"minecraft:furnace":1,"minecraft:stick":448,"minecraft:composter":2,"minecraft:oak_fence":2,"minecraft:torch":12,"minecraft:porkchop":3,"minecraft:rotten_flesh":12,"minecraft:obsidian":16,"minecraft:cobblestone":124,"minecraft:birch_log":29,"minecraft:andesite":5,"minecraft:smoker":1,"minecraft:potato":164,"minecraft:flint":9,"minecraft:tuff":5,"minecraft:dirt":585,"minecraft:lapis_lazuli":71,"minecraft:twisting_vines":4,"minecraft:bone":6,"minecraft:bow":1,"minecraft:wheat_seeds":41,"minecraft:raw_gold":2,"minecraft:bell":1,"minecraft:grindstone":1,"minecraft:fletching_table":4,"minecraft:oak_planks":18,"minecraft:warped_wart_block":68,"minecraft:mossy_cobblestone":4,"minecraft:iron_hoe":1,"minecraft:diamond":5,"minecraft:deepslate":24,"minecraft:chainmail_helmet":10,"minecraft:emerald":2,"minecraft:jack_o_lantern":4,"minecraft:oak_sapling":81,"minecraft:netherrack":425,"minecraft:charcoal":4,"minecraft:crafting_table":5,"minecraft:shield":4,"minecraft:iron_axe":2,"minecraft:deepslate_diamond_ore":10,"minecraft:beef":104,"minecraft:poppy":8,"minecraft:light_gray_wool":2,"minecraft:sugar_cane":267,"minecraft:birch_sapling":8,"minecraft:spruce_trapdoor":27,"minecraft:egg":2,"minecraft:raw_iron":126,"minecraft:redstone":37,"minecraft:arrow":2,"minecraft:hay_block":2,"minecraft:mutton":28,"minecraft:white_wool":15,"minecraft:basalt":7,"minecraft:leather":41,"minecraft:birch_planks":1,"minecraft:oak_log":166,"minecraft:cobblestone_wall":12,"minecraft:gunpowder":5,"minecraft:cobblestone_stairs":7,"minecraft:blue_bed":11,"minecraft:apple":11,"minecraft:warped_stem":9,"minecraft:iron_ingot":27,"minecraft:stone_pickaxe":1,"minecraft:book":3,"minecraft:pumpkin":16,"minecraft:sweet_berries":112,"minecraft:quartz":464,"minecraft:gravel":30,"minecraft:spruce_sapling":304,"minecraft:white_bed":1,"minecraft:spruce_log":2534,"minecraft:spruce_door":3,"minecraft:coal_ore":1,"minecraft:pumpkin_seeds":4,"minecraft:purple_bed":1,"minecraft:chainmail_leggings":12,"minecraft:warped_roots":5,"minecraft:black_wool":2,"minecraft:warped_nylium":1,"minecraft:coal":89,"minecraft:ender_pearl":2},"minecraft:custom":{"minecraft:interact_with_crafting_table":90,"minecraft:bell_ring":23,"minecraft:leave_game":11,"minecraft:time_since_death":387813,"minecraft:sprint_one_cm":1043651,"minecraft:damage_blocked_by_shield":642,"minecraft:drop":253,"minecraft:talked_to_villager":111,"minecraft:play_time":387813,"minecraft:jump":8482,"minecraft:walk_on_water_one_cm":14467,"minecraft:enchant_item":9,"minecraft:interact_with_furnace":26,"minecraft:traded_with_villager":488,"minecraft:sleep_in_bed":2,"minecraft:damage_dealt":18125,"minecraft:player_kills":1,"minecraft:crouch_one_cm":27739,"minecraft:interact_with_smoker":11,"minecraft:mob_kills":112,"minecraft:climb_one_cm":16,"minecraft:walk_one_cm":536786,"minecraft:sneak_time":8123,"minecraft:walk_under_water_one_cm":15425,"minecraft:interact_with_blast_furnace":1,"minecraft:total_world_time":387813,"minecraft:interact_with_grindstone":9,"minecraft:time_since_rest":215380,"minecraft:damage_taken":4328,"minecraft:swim_one_cm":36402,"minecraft:fly_one_cm":1748745,"minecraft:open_chest":295,"minecraft:fall_one_cm":257370},"minecraft:dropped":{"minecraft:birch_planks":2,"minecraft:diamond_axe":1,"minecraft:cobblestone_stairs":1,"minecraft:dirt":6,"minecraft:gold_nugget":21,"minecraft:iron_pickaxe":1,"minecraft:bone":2,"minecraft:wheat":4,"minecraft:rotten_flesh":5,"minecraft:warped_planks":28,"minecraft:poppy":7,"minecraft:gunpowder":1,"minecraft:charcoal":2,"minecraft:warped_wart_block":7,"minecraft:quartz":36,"minecraft:iron_ingot":5,"minecraft:wheat_seeds":29,"minecraft:iron_helmet":12,"minecraft:apple":1,"minecraft:spruce_door":1,"minecraft:chainmail_helmet":22,"minecraft:stick":196,"minecraft:wooden_axe":1,"minecraft:iron_leggings":2,"minecraft:iron_axe":8,"minecraft:chainmail_leggings":24,"minecraft:string":3,"minecraft:spruce_sapling":1,"minecraft:redstone":1,"minecraft:cobblestone_wall":4,"minecraft:iron_boots":11,"minecraft:iron_hoe":1,"minecraft:pumpkin_seeds":4,"minecraft:potato":65,"minecraft:shield":7,"minecraft:spruce_trapdoor":8,"minecraft:spruce_planks":2380,"minecraft:oak_sapling":1,"minecraft:golden_sword":1,"minecraft:spruce_log":7,"minecraft:stone_pickaxe":2,"minecraft:wooden_pickaxe":1},"minecraft:crafted":{"minecraft:grindstone":1,"minecraft:smooth_stone":13,"minecraft:oak_planks":660,"minecraft:chainmail_helmet":12,"minecraft:cobblestone_slab":54,"minecraft:stone":16,"minecraft:bookshelf":17,"minecraft:warped_planks":32,"minecraft:quartz_block":107,"minecraft:diamond_helmet":1,"minecraft:diamond_leggings":1,"minecraft:chest":4,"minecraft:emerald":442,"minecraft:diamond_axe":1,"minecraft:crafting_table":3,"minecraft:spruce_planks":9532,"minecraft:wooden_pickaxe":1,"minecraft:baked_potato":5,"minecraft:iron_helmet":12,"minecraft:fletching_table":3,"minecraft:hay_block":3,"minecraft:birch_planks":116,"minecraft:lectern":1,"minecraft:book":41,"minecraft:paper":126,"minecraft:diamond_pickaxe":1,"minecraft:shield":4,"minecraft:stick":19894,"minecraft:stone_slab":6,"minecraft:iron_ingot":86,"minecraft:iron_pickaxe":3,"minecraft:furnace":2,"minecraft:blast_furnace":1,"minecraft:flint_and_steel":1,"minecraft:spruce_stairs":40,"minecraft:iron_axe":18,"minecraft:iron_hoe":1,"minecraft:spruce_slab":6,"minecraft:stone_pickaxe":1,"minecraft:cobblestone_wall":24,"minecraft:diamond_boots":1,"minecraft:chainmail_leggings":12,"minecraft:wheat":108,"minecraft:cooked_beef":54,"minecraft:enchanting_table":1,"minecraft:bucket":1,"minecraft:bread":27,"minecraft:air":0,"minecraft:white_wool":1,"minecraft:wooden_axe":1,"minecraft:iron_shovel":3,"minecraft:white_bed":5,"minecraft:torch":16,"minecraft:diamond_chestplate":1},"minecraft:mined":{"minecraft:white_bed":1,"minecraft:spruce_planks":4,"minecraft:farmland":15,"minecraft:cobblestone_stairs":7,"minecraft:obsidian":16,"minecraft:spruce_trapdoor":23,"minecraft:grass_block":303,"minecraft:soul_soil":5,"minecraft:composter":2,"minecraft:tall_seagrass":1,"minecraft:magma_block":2,"minecraft:iron_ore":64,"minecraft:fire":8,"minecraft:pumpkin":16,"minecraft:fletching_table":4,"minecraft:twisting_vines":3,"minecraft:dirt_path":116,"minecraft:twisting_vines_plant":2,"minecraft:smoker":1,"minecraft:soul_fire":4,"minecraft:torch":2,"minecraft:dead_bush":1,"minecraft:cobblestone":38,"minecraft:nether_quartz_ore":86,"minecraft:oak_planks":17,"minecraft:grindstone":1,"minecraft:sugar_cane":226,"minecraft:wall_torch":6,"minecraft:seagrass":2,"minecraft:warped_nylium":20,"minecraft:wheat":4,"minecraft:smooth_stone_slab":1,"minecraft:oak_log":14,"minecraft:dirt":137,"minecraft:netherrack":472,"minecraft:oak_leaves":19,"minecraft:deepslate":32,"minecraft:diamond_ore":3,"minecraft:tuff":4,"minecraft:mossy_cobblestone":3,"minecraft:deepslate_diamond_ore":12,"minecraft:jack_o_lantern":4,"minecraft:spruce_leaves":21,"minecraft:large_fern":21,"minecraft:hay_block":2,"minecraft:furnace":1,"minecraft:spruce_sapling":11,"minecraft:red_sandstone":1,"minecraft:nether_sprouts":1,"minecraft:andesite":5,"minecraft:bell":1,"minecraft:bookshelf":1,"minecraft:potatoes":42,"minecraft:deepslate_iron_ore":23,"minecraft:cobblestone_slab":1,"minecraft:stone":79,"minecraft:glass_pane":2,"minecraft:basalt":7,"minecraft:spruce_door":3,"minecraft:crafting_table":5,"minecraft:short_grass":95,"minecraft:emerald_ore":2,"minecraft:warped_roots":1,"minecraft:campfire":2,"minecraft:tall_grass":11,"minecraft:lapis_ore":5,"minecraft:blue_bed":11,"minecraft:purple_bed":1,"minecraft:cobblestone_wall":12,"minecraft:sweet_berry_bush":56,"minecraft:spruce_log":34,"minecraft:coal_ore":61,"minecraft:gravel":40,"minecraft:gold_ore":2,"minecraft:fern":29},"minecraft:used":{"minecraft:jack_o_lantern":4,"minecraft:red_sand":2,"minecraft:iron_shovel":554,"minecraft:spruce_slab":2,"minecraft:poppy":1,"minecraft:chest":4,"minecraft:shield":12,"minecraft:bell":1,"minecraft:tuff":5,"minecraft:obsidian":10,"minecraft:coal_ore":1,"minecraft:warped_nylium":1,"minecraft:sweet_berries":5,"minecraft:oak_sapling":11,"minecraft:furnace":2,"minecraft:egg":2,"minecraft:potato":116,"minecraft:stone_pickaxe":69,"minecraft:oak_planks":91,"minecraft:wooden_pickaxe":2,"minecraft:blue_bed":11,"minecraft:diamond_axe":29,"minecraft:sugar_cane":85,"minecraft:blast_furnace":1,"minecraft:bread":42,"minecraft:lectern":1,"minecraft:gravel":30,"minecraft:grindstone":2,"minecraft:andesite":5,"minecraft:smooth_stone_slab":1,"minecraft:oak_fence":2,"minecraft:enchanting_table":1,"minecraft:flint_and_steel":1,"minecraft:spruce_planks":3,"minecraft:netherrack":379,"minecraft:torch":17,"minecraft:dirt":476,"minecraft:warped_wart_block":61,"minecraft:twisting_vines":4,"minecraft:spruce_stairs":12,"minecraft:cobblestone_wall":16,"minecraft:shroomlight":2,"minecraft:iron_hoe":71,"minecraft:wooden_axe":16,"minecraft:bookshelf":16,"minecraft:iron_axe":321,"minecraft:light_gray_wool":2,"minecraft:basalt":7,"minecraft:soul_soil":5,"minecraft:cooked_beef":51,"minecraft:wheat_seeds":1,"minecraft:water_bucket":144,"minecraft:warped_stem":1,"minecraft:cobblestone_stairs":5,"minecraft:birch_planks":1,"minecraft:baked_potato":2,"minecraft:fletching_table":7,"minecraft:cobblestone_slab":41,"minecraft:warped_roots":5,"minecraft:mossy_cobblestone":1,"minecraft:crafting_table":7,"minecraft:white_bed":6,"minecraft:spruce_log":131,"minecraft:smoker":1,"minecraft:oak_log":1,"minecraft:diamond_pickaxe":613,"minecraft:black_wool":2,"minecraft:iron_pickaxe":298,"minecraft:stone_slab":2,"minecraft:spruce_trapdoor":5,"minecraft:spruce_sapling":135,"minecraft:cobblestone":81,"minecraft:purple_bed":1,"minecraft:porkchop":3,"minecraft:bucket":145,"minecraft:diamond_leggings":1},"minecraft:broken":{"minecraft:iron_shovel":1,"minecraft:iron_axe":2}},"DataVersion":4082}