{"stats":{"minecraft:killed":{"minecraft:cave_spider":3,"minecraft:skeleton":11,"minecraft:chicken":2,"minecraft:piglin_brute":3,"minecraft:wolf":1,"minecraft:magma_cube":1,"minecraft:piglin":15,"minecraft:pig":1,"minecraft:iron_golem":6,"minecraft:creeper":4,"minecraft:sheep":19,"minecraft:zombie":24,"minecraft:ghast":2,"minecraft:blaze":2,"minecraft:cow":46,"minecraft:hoglin":1,"minecraft:enderman":6},"minecraft:picked_up":{"minecraft:wheat":42,"minecraft:stone_slab":5,"minecraft:golden_sword":2,"minecraft:string":10,"minecraft:soul_soil":5,"minecraft:raw_copper":132,"minecraft:smooth_stone_slab":1,"minecraft:iron_leggings":2,"minecraft:shroomlight":2,"minecraft:diamond_leggings":2,"minecraft:red_sand":2,"minecraft:gold_nugget":154,"minecraft:cobbled_deepslate":155,"minecraft:spruce_planks":2450,"minecraft:cobblestone_slab":1,"minecraft:azalea":1,"minecraft:netherite_upgrade_smithing_template":1,"minecraft:iron_pickaxe":1,"minecraft:iron_boots":12,"minecraft:furnace":1,"minecraft:golden_helmet":2,"minecraft:stick":901,"minecraft:composter":2,"minecraft:oak_fence":2,"minecraft:torch":15,"minecraft:spruce_stairs":26,"minecraft:porkchop":3,"minecraft:diorite":15,"minecraft:rotten_flesh":33,"minecraft:iron_block":1,"minecraft:obsidian":16,"minecraft:cobblestone":193,"minecraft:birch_log":29,"minecraft:cooked_beef":37,"minecraft:water_bucket":1,"minecraft:andesite":13,"minecraft:smoker":1,"minecraft:potato":170,"minecraft:flint":9,"minecraft:tuff":5,"minecraft:dirt":591,"minecraft:lapis_lazuli":185,"minecraft:twisting_vines":4,"minecraft:bone":7,"minecraft:bow":1,"minecraft:wheat_seeds":93,"minecraft:raw_gold":43,"minecraft:bell":3,"minecraft:grindstone":1,"minecraft:diamond_helmet":2,"minecraft:fletching_table":4,"minecraft:oak_planks":18,"minecraft:warped_wart_block":68,"minecraft:sand":2,"minecraft:mossy_cobblestone":4,"minecraft:iron_hoe":1,"minecraft:snout_armor_trim_smithing_template":1,"minecraft:deepslate":24,"minecraft:diamond":74,"minecraft:cracked_polished_blackstone_bricks":18,"minecraft:granite":10,"minecraft:emerald":2,"minecraft:chainmail_helmet":10,"minecraft:jack_o_lantern":4,"minecraft:oak_sapling":82,"minecraft:netherrack":1268,"minecraft:crimson_roots":2,"minecraft:diamond_pickaxe":2,"minecraft:charcoal":4,"minecraft:crafting_table":5,"minecraft:chicken":1,"minecraft:clay_ball":8,"minecraft:gold_block":1,"minecraft:shield":4,"minecraft:iron_axe":2,"minecraft:blackstone":2,"minecraft:deepslate_diamond_ore":10,"minecraft:beef":104,"minecraft:poppy":10,"minecraft:light_gray_wool":2,"minecraft:sugar_cane":267,"minecraft:birch_sapling":8,"minecraft:spruce_trapdoor":27,"minecraft:egg":2,"minecraft:raw_iron":237,"minecraft:polished_blackstone_bricks":37,"minecraft:redstone":63,"minecraft:arrow":5,"minecraft:diamond_chestplate":2,"minecraft:diamond_boots":2,"minecraft:hay_block":3,"minecraft:gold_ingot":3,"minecraft:mutton":28,"minecraft:bone_block":4,"minecraft:white_wool":15,"minecraft:basalt":13,"minecraft:golden_carrot":13,"minecraft:glow_ink_sac":1,"minecraft:leather":41,"minecraft:birch_planks":1,"minecraft:oak_log":166,"minecraft:cobblestone_wall":12,"minecraft:gunpowder":7,"minecraft:cobblestone_stairs":7,"minecraft:blue_bed":11,"minecraft:spawner":5,"minecraft:apple":11,"minecraft:warped_stem":11,"minecraft:iron_ingot":60,"minecraft:stone_pickaxe":1,"minecraft:book":3,"minecraft:pumpkin":16,"minecraft:sweet_berries":112,"minecraft:quartz":813,"minecraft:gravel":30,"minecraft:spruce_sapling":445,"minecraft:white_bed":1,"minecraft:spruce_log":3552,"minecraft:spruce_door":3,"minecraft:purple_bed":1,"minecraft:pumpkin_seeds":11,"minecraft:coal_ore":1,"minecraft:campfire":1,"minecraft:chainmail_leggings":12,"minecraft:diamond_axe":1,"minecraft:warped_roots":7,"minecraft:black_wool":2,"minecraft:warped_nylium":1,"minecraft:coal":233,"minecraft:ender_pearl":4},"minecraft:custom":{"minecraft:interact_with_crafting_table":106,"minecraft:bell_ring":35,"minecraft:leave_game":28,"minecraft:time_since_death":41748,"minecraft:sprint_one_cm":1331270,"minecraft:damage_blocked_by_shield":642,"minecraft:drop":320,"minecraft:talked_to_villager":117,"minecraft:play_time":576254,"minecraft:deaths":1,"minecraft:jump":10498,"minecraft:walk_on_water_one_cm":23950,"minecraft:enchant_item":15,"minecraft:interact_with_furnace":30,"minecraft:traded_with_villager":568,"minecraft:sleep_in_bed":3,"minecraft:damage_dealt":27161,"minecraft:player_kills":1,"minecraft:crouch_one_cm":33943,"minecraft:interact_with_smoker":19,"minecraft:interact_with_anvil":1,"minecraft:mob_kills":169,"minecraft:climb_one_cm":582,"minecraft:walk_one_cm":707456,"minecraft:sneak_time":10861,"minecraft:walk_under_water_one_cm":23186,"minecraft:interact_with_blast_furnace":1,"minecraft:total_world_time":576254,"minecraft:interact_with_grindstone":14,"minecraft:time_since_rest":41867,"minecraft:damage_taken":6533,"minecraft:swim_one_cm":44151,"minecraft:fly_one_cm":2063198,"minecraft:open_chest":423,"minecraft:fall_one_cm":306292},"minecraft:dropped":{"minecraft:warped_stem":1,"minecraft:birch_planks":2,"minecraft:diamond_axe":1,"minecraft:cooked_beef":2,"minecraft:cooked_porkchop":2,"minecraft:warped_roots":1,"minecraft:cobblestone_stairs":1,"minecraft:dirt":10,"minecraft:crimson_roots":1,"minecraft:gold_nugget":32,"minecraft:sand":2,"minecraft:polished_blackstone_bricks":18,"minecraft:iron_pickaxe":1,"minecraft:bone":2,"minecraft:blackstone":2,"minecraft:wheat":4,"minecraft:rotten_flesh":20,"minecraft:warped_planks":28,"minecraft:poppy":7,"minecraft:gunpowder":3,"minecraft:charcoal":2,"minecraft:basalt":3,"minecraft:arrow":4,"minecraft:warped_wart_block":7,"minecraft:quartz":125,"minecraft:netherrack":128,"minecraft:iron_ingot":5,"minecraft:wheat_seeds":52,"minecraft:golden_helmet":2,"minecraft:diamond_leggings":1,"minecraft:iron_helmet":12,"minecraft:cobblestone":2,"minecraft:apple":1,"minecraft:spruce_door":1,"minecraft:chainmail_helmet":22,"minecraft:stick":421,"minecraft:diorite":8,"minecraft:wooden_axe":1,"minecraft:diamond_helmet":1,"minecraft:iron_leggings":2,"minecraft:iron_axe":8,"minecraft:chainmail_leggings":24,"minecraft:iron_shovel":1,"minecraft:string":11,"minecraft:spruce_sapling":23,"minecraft:redstone":1,"minecraft:cobblestone_wall":4,"minecraft:iron_boots":11,"minecraft:iron_hoe":1,"minecraft:pumpkin_seeds":11,"minecraft:potato":65,"minecraft:shield":7,"minecraft:diamond_chestplate":1,"minecraft:spruce_trapdoor":8,"minecraft:spruce_planks":2380,"minecraft:andesite":6,"minecraft:diamond_pickaxe":1,"minecraft:oak_sapling":1,"minecraft:golden_sword":2,"minecraft:diamond_boots":1,"minecraft:spruce_log":7,"minecraft:bow":1,"minecraft:stone_pickaxe":2,"minecraft:wooden_pickaxe":1},"minecraft:crafted":{"minecraft:grindstone":1,"minecraft:smooth_stone":13,"minecraft:oak_planks":660,"minecraft:chainmail_helmet":12,"minecraft:cobblestone_slab":54,"minecraft:stone":16,"minecraft:bookshelf":17,"minecraft:warped_planks":32,"minecraft:quartz_block":107,"minecraft:diamond_helmet":1,"minecraft:diamond_leggings":1,"minecraft:chest":8,"minecraft:emerald":522,"minecraft:diamond_axe":2,"minecraft:crafting_table":3,"minecraft:spruce_planks":12348,"minecraft:wooden_pickaxe":1,"minecraft:baked_potato":5,"minecraft:iron_helmet":12,"minecraft:fletching_table":3,"minecraft:hay_block":3,"minecraft:birch_planks":116,"minecraft:lectern":1,"minecraft:book":41,"minecraft:paper":126,"minecraft:diamond_pickaxe":3,"minecraft:shield":4,"minecraft:stick":23478,"minecraft:stone_slab":6,"minecraft:iron_ingot":102,"minecraft:iron_pickaxe":3,"minecraft:iron_block":3,"minecraft:furnace":2,"minecraft:blast_furnace":1,"minecraft:bone_meal":36,"minecraft:flint_and_steel":1,"minecraft:spruce_stairs":40,"minecraft:iron_axe":18,"minecraft:iron_hoe":1,"minecraft:spruce_slab":6,"minecraft:stone_pickaxe":1,"minecraft:cobblestone_wall":24,"minecraft:diamond_boots":1,"minecraft:chainmail_leggings":12,"minecraft:wheat":108,"minecraft:cooked_beef":104,"minecraft:enchanting_table":1,"minecraft:bucket":1,"minecraft:bread":27,"minecraft:air":0,"minecraft:white_wool":1,"minecraft:wooden_axe":1,"minecraft:iron_shovel":3,"minecraft:anvil":1,"minecraft:white_bed":5,"minecraft:torch":16,"minecraft:diamond_chestplate":1},"minecraft:mined":{"minecraft:white_bed":1,"minecraft:spruce_planks":6,"minecraft:farmland":15,"minecraft:cobblestone_stairs":7,"minecraft:obsidian":16,"minecraft:spruce_trapdoor":23,"minecraft:granite":10,"minecraft:grass_block":306,"minecraft:cracked_polished_blackstone_bricks":9,"minecraft:soul_soil":5,"minecraft:composter":2,"minecraft:spawner":5,"minecraft:polished_blackstone_bricks":20,"minecraft:tall_seagrass":1,"minecraft:magma_block":2,"minecraft:iron_ore":64,"minecraft:fire":12,"minecraft:pumpkin":16,"minecraft:fletching_table":4,"minecraft:twisting_vines":3,"minecraft:dirt_path":117,"minecraft:azalea":1,"minecraft:blackstone":2,"minecraft:twisting_vines_plant":2,"minecraft:crimson_nylium":9,"minecraft:smoker":1,"minecraft:soul_fire":4,"minecraft:clay":2,"minecraft:torch":3,"minecraft:dead_bush":1,"minecraft:nether_quartz_ore":89,"minecraft:cobblestone":43,"minecraft:sugar_cane":226,"minecraft:grindstone":1,"minecraft:oak_planks":17,"minecraft:wall_torch":8,"minecraft:seagrass":2,"minecraft:warped_nylium":32,"minecraft:wheat":24,"minecraft:pumpkin_stem":7,"minecraft:smooth_stone_slab":1,"minecraft:oak_log":14,"minecraft:sand":2,"minecraft:dirt":139,"minecraft:netherrack":1623,"minecraft:oak_leaves":25,"minecraft:deepslate":188,"minecraft:nether_gold_ore":1,"minecraft:diamond_ore":3,"minecraft:tuff":11,"minecraft:mossy_cobblestone":3,"minecraft:deepslate_diamond_ore":12,"minecraft:jack_o_lantern":4,"minecraft:crimson_roots":1,"minecraft:spruce_leaves":21,"minecraft:large_fern":21,"minecraft:hay_block":3,"minecraft:furnace":1,"minecraft:spruce_sapling":11,"minecraft:red_sandstone":1,"minecraft:nether_sprouts":1,"minecraft:andesite":13,"minecraft:bell":3,"minecraft:bookshelf":1,"minecraft:potatoes":43,"minecraft:cobblestone_slab":1,"minecraft:deepslate_iron_ore":23,"minecraft:warped_stem":1,"minecraft:stone":143,"minecraft:glass_pane":2,"minecraft:basalt":10,"minecraft:spruce_door":3,"minecraft:crafting_table":5,"minecraft:short_grass":97,"minecraft:emerald_ore":2,"minecraft:warped_roots":1,"minecraft:campfire":3,"minecraft:stone_slab":5,"minecraft:tall_grass":12,"minecraft:lapis_ore":5,"minecraft:diorite":15,"minecraft:blue_bed":11,"minecraft:spruce_stairs":2,"minecraft:purple_bed":1,"minecraft:cobblestone_wall":12,"minecraft:sweet_berry_bush":56,"minecraft:spruce_log":35,"minecraft:coal_ore":61,"minecraft:gravel":41,"minecraft:gold_ore":2,"minecraft:fern":30},"minecraft:used":{"minecraft:jack_o_lantern":4,"minecraft:red_sand":2,"minecraft:iron_shovel":554,"minecraft:spruce_slab":2,"minecraft:poppy":3,"minecraft:chest":8,"minecraft:shield":12,"minecraft:bell":3,"minecraft:tuff":5,"minecraft:obsidian":10,"minecraft:coal_ore":1,"minecraft:warped_nylium":1,"minecraft:crimson_roots":1,"minecraft:deepslate_diamond_ore":10,"minecraft:hay_block":1,"minecraft:sweet_berries":5,"minecraft:furnace":2,"minecraft:oak_sapling":12,"minecraft:egg":2,"minecraft:potato":116,"minecraft:diorite":3,"minecraft:stone_pickaxe":69,"minecraft:oak_planks":91,"minecraft:wooden_pickaxe":2,"minecraft:blue_bed":11,"minecraft:diamond_axe":140,"minecraft:sugar_cane":85,"minecraft:blast_furnace":1,"minecraft:bread":42,"minecraft:lectern":1,"minecraft:gravel":30,"minecraft:grindstone":2,"minecraft:andesite":6,"minecraft:smooth_stone_slab":1,"minecraft:oak_fence":2,"minecraft:enchanting_table":1,"minecraft:flint_and_steel":1,"minecraft:spruce_planks":8,"minecraft:netherrack":467,"minecraft:torch":24,"minecraft:anvil":1,"minecraft:dirt":478,"minecraft:warped_wart_block":61,"minecraft:twisting_vines":4,"minecraft:spruce_stairs":18,"minecraft:cobblestone_wall":16,"minecraft:granite":10,"minecraft:shroomlight":2,"minecraft:iron_hoe":71,"minecraft:wooden_axe":16,"minecraft:bookshelf":16,"minecraft:iron_axe":321,"minecraft:light_gray_wool":2,"minecraft:basalt":7,"minecraft:golden_carrot":6,"minecraft:soul_soil":5,"minecraft:cooked_beef":73,"minecraft:cobbled_deepslate":43,"minecraft:wheat_seeds":29,"minecraft:water_bucket":197,"minecraft:warped_stem":1,"minecraft:cobblestone_stairs":5,"minecraft:birch_planks":1,"minecraft:baked_potato":2,"minecraft:fletching_table":7,"minecraft:cobblestone_slab":41,"minecraft:polished_blackstone_bricks":1,"minecraft:warped_roots":5,"minecraft:mossy_cobblestone":1,"minecraft:crafting_table":7,"minecraft:white_bed":6,"minecraft:campfire":1,"minecraft:spruce_log":132,"minecraft:smoker":1,"minecraft:oak_log":1,"minecraft:diamond_pickaxe":2100,"minecraft:black_wool":2,"minecraft:iron_pickaxe":312,"minecraft:stone_slab":7,"minecraft:spruce_trapdoor":5,"minecraft:spruce_sapling":191,"minecraft:cobblestone":114,"minecraft:purple_bed":1,"minecraft:porkchop":3,"minecraft:bucket":198,"minecraft:diamond_leggings":1},"minecraft:broken":{"minecraft:iron_shovel":1,"minecraft:iron_axe":2}},"DataVersion":4082}