{"stats":{"minecraft:dropped":{"minecraft:oak_planks":9},"minecraft:used":{"minecraft:big_dripleaf":1,"minecraft:moss_block":1,"minecraft:stone_sword":1,"minecraft:rooted_dirt":1,"minecraft:dirt":38,"minecraft:cobblestone":1,"minecraft:oak_slab":30,"minecraft:oak_sapling":6,"minecraft:dandelion":1,"minecraft:glow_lichen":1},"minecraft:crafted":{"minecraft:oak_slab":30,"minecraft:oak_planks":24,"minecraft:stone_sword":1},"minecraft:picked_up":{"minecraft:stick":6,"minecraft:big_dripleaf":1,"minecraft:dandelion":1,"minecraft:oak_log":6,"minecraft:dirt":27,"minecraft:wheat_seeds":2,"minecraft:rooted_dirt":1,"minecraft:oak_sapling":4,"minecraft:moss_block":7,"minecraft:cobblestone":2},"minecraft:mined":{"minecraft:oak_slab":2,"minecraft:oak_sapling":1,"minecraft:dandelion":1,"minecraft:short_grass":17,"minecraft:oak_log":6,"minecraft:grass_block":13,"minecraft:cave_vines":3,"minecraft:flowering_azalea_leaves":1,"minecraft:dirt":21,"minecraft:moss_block":9,"minecraft:oak_leaves":15,"minecraft:rooted_dirt":1,"minecraft:big_dripleaf":1},"minecraft:custom":{"minecraft:time_since_rest":18021,"minecraft:sprint_one_cm":14968,"minecraft:damage_taken":70,"minecraft:walk_one_cm":16377,"minecraft:drop":9,"minecraft:damage_dealt":70,"minecraft:interact_with_crafting_table":3,"minecraft:fly_one_cm":22653,"minecraft:open_chest":10,"minecraft:crouch_one_cm":20563,"minecraft:play_time":18021,"minecraft:sneak_time":5725,"minecraft:walk_under_water_one_cm":185,"minecraft:jump":110,"minecraft:leave_game":1,"minecraft:walk_on_water_one_cm":684,"minecraft:time_since_death":18021,"minecraft:climb_one_cm":144,"minecraft:total_world_time":18021,"minecraft:fall_one_cm":418}},"DataVersion":3955}