{"stats":{"minecraft:crafted":{"minecraft:oak_planks":400,"minecraft:cooked_mutton":34,"minecraft:diamond_helmet":1,"minecraft:iron_axe":1,"minecraft:stone_pickaxe":3,"minecraft:cooked_beef":22,"minecraft:emerald":45,"minecraft:crafting_table":3,"minecraft:spruce_planks":540,"minecraft:wooden_pickaxe":1,"minecraft:baked_potato":38,"minecraft:iron_sword":2,"minecraft:bucket":2,"minecraft:birch_planks":4,"minecraft:stone_axe":1,"minecraft:air":0,"minecraft:diamond_pickaxe":1,"minecraft:shield":1,"minecraft:stick":1368,"minecraft:iron_ingot":81,"minecraft:iron_pickaxe":2,"minecraft:wooden_axe":7,"minecraft:stone_sword":1,"minecraft:white_bed":6,"minecraft:torch":8,"minecraft:diamond_chestplate":1},"minecraft:custom":{"minecraft:mob_kills":88,"minecraft:interact_with_crafting_table":30,"minecraft:bell_ring":10,"minecraft:leave_game":9,"minecraft:time_since_death":44584,"minecraft:sprint_one_cm":426084,"minecraft:walk_one_cm":399956,"minecraft:damage_blocked_by_shield":883,"minecraft:drop":250,"minecraft:talked_to_villager":19,"minecraft:play_time":192136,"minecraft:deaths":7,"minecraft:sneak_time":15881,"minecraft:walk_under_water_one_cm":10819,"minecraft:jump":4217,"minecraft:interact_with_blast_furnace":26,"minecraft:walk_on_water_one_cm":35420,"minecraft:total_world_time":192136,"minecraft:interact_with_furnace":45,"minecraft:traded_with_villager":47,"minecraft:sleep_in_bed":4,"minecraft:time_since_rest":32898,"minecraft:damage_taken":4309,"minecraft:damage_dealt":14783,"minecraft:fly_one_cm":722671,"minecraft:swim_one_cm":23356,"minecraft:open_chest":38,"minecraft:crouch_one_cm":43447,"minecraft:interact_with_smoker":13,"minecraft:fall_one_cm":119951},"minecraft:used":{"minecraft:stone_sword":151,"minecraft:stone_shovel":37,"minecraft:spruce_planks":74,"minecraft:shield":25,"minecraft:iron_sword":155,"minecraft:rotten_flesh":5,"minecraft:netherrack":1,"minecraft:torch":17,"minecraft:dirt":129,"minecraft:mutton":2,"minecraft:chainmail_chestplate":1,"minecraft:golden_shovel":32,"minecraft:golden_chestplate":1,"minecraft:wooden_axe":24,"minecraft:iron_axe":12,"minecraft:grass_block":1,"minecraft:light_gray_wool":1,"minecraft:beef":8,"minecraft:oak_sapling":14,"minecraft:cooked_beef":18,"minecraft:potato":44,"minecraft:cobbled_deepslate":10,"minecraft:cooked_mutton":2,"minecraft:water_bucket":40,"minecraft:birch_planks":4,"minecraft:stone_pickaxe":110,"minecraft:baked_potato":16,"minecraft:oak_planks":19,"minecraft:wooden_pickaxe":5,"minecraft:sugar_cane":14,"minecraft:crafting_table":10,"minecraft:white_bed":6,"minecraft:spruce_log":8,"minecraft:smoker":1,"minecraft:oak_log":20,"minecraft:diamond_pickaxe":101,"minecraft:apple":4,"minecraft:iron_pickaxe":254,"minecraft:spruce_sapling":11,"minecraft:gravel":16,"minecraft:cobblestone":55,"minecraft:smithing_table":1,"minecraft:andesite":1,"minecraft:bucket":41},"minecraft:dropped":{"minecraft:iron_ingot":3,"minecraft:porkchop":1,"minecraft:wheat_seeds":18,"minecraft:cooked_beef":4,"minecraft:oak_fence":2,"minecraft:poisonous_potato":1,"minecraft:feather":1,"minecraft:cobblestone":11,"minecraft:leather":16,"minecraft:apple":1,"minecraft:chainmail_helmet":13,"minecraft:stick":17,"minecraft:flint":3,"minecraft:diorite":2,"minecraft:cornflower":2,"minecraft:wooden_axe":1,"minecraft:iron_leggings":2,"minecraft:iron_axe":2,"minecraft:string":4,"minecraft:white_wool":2,"minecraft:dandelion":2,"minecraft:bone":15,"minecraft:blackstone":14,"minecraft:soul_soil":4,"minecraft:iron_nugget":14,"minecraft:golden_chestplate":1,"minecraft:stone_sword":4,"minecraft:cobbled_deepslate":11,"minecraft:raw_copper":1,"minecraft:tuff":1,"minecraft:stone_shovel":1,"minecraft:obsidian":1,"minecraft:raw_iron":2,"minecraft:rotten_flesh":32,"minecraft:oak_planks":3,"minecraft:smoker":1,"minecraft:chainmail_chestplate":6,"minecraft:potato":39,"minecraft:gunpowder":4,"minecraft:andesite":7,"minecraft:oak_sapling":10,"minecraft:spider_eye":2,"minecraft:basalt":4,"minecraft:bow":3,"minecraft:arrow":12,"minecraft:wooden_pickaxe":2,"minecraft:stone_pickaxe":4,"minecraft:netherrack":1},"minecraft:killed_by":{"minecraft:player":1,"minecraft:creeper":1,"minecraft:skeleton":2},"minecraft:broken":{"minecraft:golden_shovel":1,"minecraft:iron_pickaxe":1},"minecraft:picked_up":{"minecraft:crafting_table":9,"minecraft:smithing_table":1,"minecraft:wooden_pickaxe":3,"minecraft:cornflower":2,"minecraft:string":4,"minecraft:raw_copper":1,"minecraft:soul_soil":4,"minecraft:iron_axe":2,"minecraft:iron_leggings":6,"minecraft:blackstone":14,"minecraft:cobbled_deepslate":21,"minecraft:spruce_planks":1,"minecraft:beef":26,"minecraft:light_gray_wool":1,"minecraft:sugar_cane":16,"minecraft:iron_boots":11,"minecraft:stick":188,"minecraft:raw_iron":303,"minecraft:oak_fence":2,"minecraft:torch":15,"minecraft:porkchop":8,"minecraft:diorite":2,"minecraft:stone_shovel":1,"minecraft:stone_sword":5,"minecraft:arrow":12,"minecraft:rotten_flesh":38,"minecraft:obsidian":1,"minecraft:mutton":36,"minecraft:white_wool":20,"minecraft:cobblestone":64,"minecraft:birch_log":1,"minecraft:feather":1,"minecraft:basalt":4,"minecraft:glow_ink_sac":2,"minecraft:andesite":8,"minecraft:leather":16,"minecraft:smoker":2,"minecraft:potato":174,"minecraft:birch_planks":3,"minecraft:tuff":1,"minecraft:oak_log":120,"minecraft:chainmail_chestplate":6,"minecraft:gunpowder":4,"minecraft:lapis_lazuli":150,"minecraft:dirt":137,"minecraft:bone":15,"minecraft:apple":5,"minecraft:bow":3,"minecraft:wheat_seeds":18,"minecraft:raw_gold":15,"minecraft:stone_pickaxe":3,"minecraft:oak_planks":118,"minecraft:dandelion":2,"minecraft:poisonous_potato":1,"minecraft:gravel":15,"minecraft:spruce_sapling":38,"minecraft:grass_block":1,"minecraft:spruce_log":229,"minecraft:spider_eye":2,"minecraft:diamond":30,"minecraft:stone_axe":2,"minecraft:granite":3,"minecraft:chainmail_helmet":13,"minecraft:baked_potato":13,"minecraft:oak_sapling":72,"minecraft:netherrack":2,"minecraft:coal":32},"minecraft:killed":{"minecraft:spider":3,"minecraft:skeleton":10,"minecraft:pig":6,"minecraft:bat":1,"minecraft:creeper":6,"minecraft:sheep":21,"minecraft:zombie":26,"minecraft:cow":12},"minecraft:mined":{"minecraft:tuff":1,"minecraft:deepslate_diamond_ore":30,"minecraft:glow_lichen":2,"minecraft:granite":4,"minecraft:grass_block":41,"minecraft:spruce_sapling":1,"minecraft:iron_ore":204,"minecraft:fire":1,"minecraft:andesite":1,"minecraft:deepslate_lapis_ore":15,"minecraft:dirt_path":6,"minecraft:potatoes":43,"minecraft:deepslate_iron_ore":94,"minecraft:stone":43,"minecraft:podzol":1,"minecraft:basalt":5,"minecraft:crafting_table":8,"minecraft:torch":7,"minecraft:short_grass":151,"minecraft:cobblestone":1,"minecraft:tall_grass":11,"minecraft:deepslate_gold_ore":15,"minecraft:lapis_ore":10,"minecraft:oak_planks":3,"minecraft:sugar_cane":16,"minecraft:wall_torch":1,"minecraft:diorite":2,"minecraft:birch_log":1,"minecraft:spruce_log":5,"minecraft:oak_log":16,"minecraft:coal_ore":16,"minecraft:gravel":15,"minecraft:dirt":65,"minecraft:netherrack":2,"minecraft:oak_leaves":1,"minecraft:deepslate":20}},"DataVersion":4082}