{"stats":{"minecraft:crafted":{"minecraft:oak_planks":400,"minecraft:cooked_mutton":34,"minecraft:diamond_helmet":1,"minecraft:diamond_leggings":1,"minecraft:iron_axe":2,"minecraft:stone_pickaxe":3,"minecraft:cooked_beef":22,"minecraft:emerald":83,"minecraft:crafting_table":4,"minecraft:spruce_planks":1580,"minecraft:wooden_pickaxe":1,"minecraft:baked_potato":38,"minecraft:iron_sword":2,"minecraft:bucket":2,"minecraft:birch_planks":4,"minecraft:stone_axe":1,"minecraft:air":0,"minecraft:diamond_pickaxe":1,"minecraft:shield":2,"minecraft:stick":3448,"minecraft:iron_ingot":81,"minecraft:iron_pickaxe":2,"minecraft:wooden_axe":7,"minecraft:stone_sword":1,"minecraft:white_bed":6,"minecraft:torch":36,"minecraft:diamond_chestplate":1},"minecraft:custom":{"minecraft:mob_kills":115,"minecraft:interact_with_crafting_table":34,"minecraft:bell_ring":11,"minecraft:leave_game":11,"minecraft:time_since_death":97163,"minecraft:sprint_one_cm":517346,"minecraft:walk_one_cm":529352,"minecraft:damage_blocked_by_shield":998,"minecraft:drop":326,"minecraft:talked_to_villager":50,"minecraft:play_time":244715,"minecraft:deaths":7,"minecraft:sneak_time":23454,"minecraft:walk_under_water_one_cm":15593,"minecraft:jump":5321,"minecraft:interact_with_blast_furnace":28,"minecraft:walk_on_water_one_cm":50675,"minecraft:total_world_time":244715,"minecraft:interact_with_furnace":45,"minecraft:traded_with_villager":86,"minecraft:sleep_in_bed":4,"minecraft:time_since_rest":85477,"minecraft:damage_taken":5401,"minecraft:damage_dealt":20395,"minecraft:fly_one_cm":902762,"minecraft:swim_one_cm":24943,"minecraft:open_chest":45,"minecraft:crouch_one_cm":65341,"minecraft:interact_with_smoker":15,"minecraft:fall_one_cm":149951},"minecraft:used":{"minecraft:stone_sword":151,"minecraft:stone_shovel":37,"minecraft:spruce_planks":74,"minecraft:shield":29,"minecraft:iron_sword":281,"minecraft:rotten_flesh":5,"minecraft:netherrack":1,"minecraft:torch":43,"minecraft:dirt":162,"minecraft:mutton":2,"minecraft:chainmail_chestplate":1,"minecraft:golden_shovel":32,"minecraft:golden_chestplate":1,"minecraft:wooden_axe":24,"minecraft:lava_bucket":1,"minecraft:iron_axe":19,"minecraft:grass_block":1,"minecraft:light_gray_wool":1,"minecraft:beef":8,"minecraft:oak_sapling":14,"minecraft:cooked_beef":18,"minecraft:potato":94,"minecraft:cobbled_deepslate":13,"minecraft:cooked_mutton":2,"minecraft:water_bucket":94,"minecraft:birch_planks":4,"minecraft:stone_pickaxe":110,"minecraft:baked_potato":41,"minecraft:oak_planks":60,"minecraft:wooden_pickaxe":5,"minecraft:sugar_cane":14,"minecraft:crafting_table":10,"minecraft:white_bed":6,"minecraft:spruce_log":9,"minecraft:smoker":1,"minecraft:oak_log":20,"minecraft:diamond_pickaxe":101,"minecraft:apple":4,"minecraft:iron_pickaxe":441,"minecraft:spruce_sapling":54,"minecraft:gravel":16,"minecraft:cobblestone":99,"minecraft:smithing_table":1,"minecraft:bucket":96,"minecraft:andesite":1},"minecraft:dropped":{"minecraft:iron_ingot":3,"minecraft:porkchop":1,"minecraft:wheat_seeds":27,"minecraft:cooked_beef":4,"minecraft:oak_fence":4,"minecraft:poisonous_potato":4,"minecraft:feather":1,"minecraft:cobblestone":11,"minecraft:leather":16,"minecraft:apple":1,"minecraft:chainmail_helmet":13,"minecraft:stick":17,"minecraft:flint":3,"minecraft:emerald":1,"minecraft:oxeye_daisy":1,"minecraft:diorite":2,"minecraft:cornflower":2,"minecraft:wooden_axe":5,"minecraft:iron_leggings":2,"minecraft:iron_axe":2,"minecraft:string":12,"minecraft:white_wool":2,"minecraft:dandelion":3,"minecraft:bone":21,"minecraft:blackstone":14,"minecraft:soul_soil":4,"minecraft:iron_nugget":14,"minecraft:golden_chestplate":1,"minecraft:stone_sword":5,"minecraft:cobbled_deepslate":19,"minecraft:raw_copper":1,"minecraft:tuff":1,"minecraft:stone_shovel":1,"minecraft:obsidian":1,"minecraft:raw_iron":2,"minecraft:rotten_flesh":43,"minecraft:oak_planks":4,"minecraft:smoker":1,"minecraft:carrot":13,"minecraft:chainmail_chestplate":6,"minecraft:potato":39,"minecraft:gunpowder":4,"minecraft:andesite":7,"minecraft:oak_sapling":10,"minecraft:spider_eye":3,"minecraft:basalt":4,"minecraft:bow":4,"minecraft:arrow":18,"minecraft:wooden_pickaxe":2,"minecraft:stone_pickaxe":4,"minecraft:netherrack":1},"minecraft:killed_by":{"minecraft:player":1,"minecraft:creeper":1,"minecraft:skeleton":2},"minecraft:broken":{"minecraft:golden_shovel":1,"minecraft:iron_pickaxe":1},"minecraft:picked_up":{"minecraft:wooden_axe":4,"minecraft:crafting_table":9,"minecraft:smithing_table":1,"minecraft:wooden_pickaxe":3,"minecraft:cornflower":2,"minecraft:string":76,"minecraft:raw_copper":1,"minecraft:soul_soil":4,"minecraft:iron_axe":2,"minecraft:iron_leggings":6,"minecraft:blackstone":14,"minecraft:cobbled_deepslate":49,"minecraft:spruce_planks":1,"minecraft:beef":26,"minecraft:light_gray_wool":1,"minecraft:sugar_cane":16,"minecraft:iron_boots":11,"minecraft:stick":212,"minecraft:raw_iron":365,"minecraft:oak_fence":4,"minecraft:torch":36,"minecraft:porkchop":8,"minecraft:diorite":2,"minecraft:carrot":13,"minecraft:redstone":13,"minecraft:rotten_flesh":49,"minecraft:stone_sword":6,"minecraft:arrow":18,"minecraft:stone_shovel":1,"minecraft:obsidian":1,"minecraft:mutton":36,"minecraft:white_wool":20,"minecraft:cobblestone":76,"minecraft:oxeye_daisy":1,"minecraft:birch_log":1,"minecraft:feather":1,"minecraft:basalt":4,"minecraft:glow_ink_sac":2,"minecraft:andesite":8,"minecraft:leather":16,"minecraft:smoker":2,"minecraft:potato":255,"minecraft:birch_planks":3,"minecraft:tuff":1,"minecraft:oak_log":120,"minecraft:chainmail_chestplate":6,"minecraft:gunpowder":4,"minecraft:lapis_lazuli":190,"minecraft:dirt":170,"minecraft:bone":21,"minecraft:apple":5,"minecraft:bow":4,"minecraft:wheat_seeds":27,"minecraft:raw_gold":41,"minecraft:stone_pickaxe":3,"minecraft:oak_planks":123,"minecraft:dandelion":3,"minecraft:poisonous_potato":4,"minecraft:gravel":15,"minecraft:spruce_sapling":64,"minecraft:grass_block":1,"minecraft:spruce_log":318,"minecraft:spider_eye":3,"minecraft:diamond":70,"minecraft:stone_axe":2,"minecraft:granite":3,"minecraft:chainmail_helmet":13,"minecraft:baked_potato":13,"minecraft:oak_sapling":72,"minecraft:netherrack":2,"minecraft:coal":32},"minecraft:killed":{"minecraft:cave_spider":2,"minecraft:spider":6,"minecraft:skeleton":16,"minecraft:pig":6,"minecraft:zombie_villager":1,"minecraft:bat":1,"minecraft:creeper":7,"minecraft:sheep":21,"minecraft:zombie":40,"minecraft:cow":12},"minecraft:mined":{"minecraft:tuff":1,"minecraft:deepslate_diamond_ore":70,"minecraft:glow_lichen":2,"minecraft:granite":4,"minecraft:grass_block":61,"minecraft:oxeye_daisy":1,"minecraft:spawner":1,"minecraft:spruce_sapling":4,"minecraft:carrots":1,"minecraft:cobbled_deepslate":1,"minecraft:iron_ore":208,"minecraft:fire":1,"minecraft:andesite":1,"minecraft:deepslate_lapis_ore":22,"minecraft:potatoes":70,"minecraft:dirt_path":6,"minecraft:deepslate_iron_ore":152,"minecraft:stone":43,"minecraft:podzol":7,"minecraft:deepslate_redstone_ore":3,"minecraft:basalt":5,"minecraft:oak_fence":2,"minecraft:dandelion":1,"minecraft:crafting_table":8,"minecraft:cornflower":1,"minecraft:torch":19,"minecraft:short_grass":181,"minecraft:tall_grass":12,"minecraft:cobblestone":13,"minecraft:deepslate_gold_ore":43,"minecraft:lapis_ore":10,"minecraft:oak_planks":7,"minecraft:sugar_cane":16,"minecraft:diorite":2,"minecraft:wall_torch":10,"minecraft:birch_log":1,"minecraft:spruce_log":6,"minecraft:oak_log":16,"minecraft:coal_ore":16,"minecraft:gravel":15,"minecraft:dirt":72,"minecraft:cobweb":13,"minecraft:netherrack":2,"minecraft:oak_leaves":5,"minecraft:deepslate":48}},"DataVersion":4082}