{"stats":{"minecraft:killed":{"minecraft:cave_spider":8,"minecraft:witch":1,"minecraft:spider":18,"minecraft:skeleton":21,"minecraft:bee":1,"minecraft:pig":7,"minecraft:zombie_villager":1,"minecraft:creeper":8,"minecraft:sheep":21,"minecraft:trader_llama":1,"minecraft:pillager":5,"minecraft:zombie":48,"minecraft:cow":12,"minecraft:bat":1,"minecraft:enderman":1},"minecraft:picked_up":{"minecraft:wooden_axe":4,"minecraft:wheat":48,"minecraft:smithing_table":1,"minecraft:lead":2,"minecraft:enchanted_book":2,"minecraft:string":316,"minecraft:soul_soil":4,"minecraft:raw_copper":138,"minecraft:iron_leggings":6,"minecraft:beetroot":2,"minecraft:cobbled_deepslate":150,"minecraft:spruce_planks":473,"minecraft:iron_pickaxe":1,"minecraft:deepslate_iron_ore":1,"minecraft:iron_boots":12,"minecraft:furnace":11,"minecraft:stick":465,"minecraft:oak_fence":4,"minecraft:torch":71,"minecraft:porkchop":8,"minecraft:diorite":21,"minecraft:stone_sword":6,"minecraft:rotten_flesh":55,"minecraft:obsidian":1,"minecraft:cobblestone":183,"minecraft:birch_log":1,"minecraft:feather":1,"minecraft:water_bucket":2,"minecraft:andesite":30,"minecraft:smoker":2,"minecraft:potato":265,"minecraft:tuff":1,"minecraft:lapis_lazuli":402,"minecraft:dirt":178,"minecraft:bone":30,"minecraft:bow":4,"minecraft:wheat_seeds":214,"minecraft:raw_gold":68,"minecraft:grindstone":1,"minecraft:fletching_table":20,"minecraft:glowstone_dust":8,"minecraft:oak_planks":129,"minecraft:poisonous_potato":5,"minecraft:grass_block":2,"minecraft:spruce_fence_gate":9,"minecraft:yellow_carpet":2,"minecraft:diamond":101,"minecraft:granite":41,"minecraft:spruce_button":6,"minecraft:spruce_sign":8,"minecraft:chainmail_helmet":13,"minecraft:emerald":104,"minecraft:oak_sapling":78,"minecraft:netherrack":3,"minecraft:diamond_pickaxe":3,"minecraft:crafting_table":11,"minecraft:azure_bluet":2,"minecraft:wooden_pickaxe":3,"minecraft:cornflower":2,"minecraft:iron_axe":6,"minecraft:blackstone":14,"minecraft:beef":26,"minecraft:light_gray_wool":1,"minecraft:poppy":9,"minecraft:spruce_slab":6,"minecraft:lectern":238,"minecraft:minecart":4,"minecraft:sugar_cane":120,"minecraft:spruce_trapdoor":2,"minecraft:raw_iron":465,"minecraft:spruce_fence":5,"minecraft:carrot":50,"minecraft:redstone":90,"minecraft:arrow":24,"minecraft:stone_shovel":1,"minecraft:beetroot_seeds":4,"minecraft:shears":1,"minecraft:saddle":1,"minecraft:mutton":36,"minecraft:white_wool":29,"minecraft:rail":25,"minecraft:oxeye_daisy":1,"minecraft:basalt":4,"minecraft:glow_ink_sac":2,"minecraft:leather":19,"minecraft:birch_planks":3,"minecraft:oak_log":129,"minecraft:chainmail_chestplate":6,"minecraft:gunpowder":13,"minecraft:white_banner":2,"minecraft:spawner":9,"minecraft:apple":7,"minecraft:iron_ingot":21,"minecraft:stone_pickaxe":3,"minecraft:book":14,"minecraft:oak_slab":1,"minecraft:dandelion":4,"minecraft:gravel":15,"minecraft:spruce_sapling":240,"minecraft:blast_furnace":5,"minecraft:white_bed":8,"minecraft:spruce_log":2920,"minecraft:spider_eye":20,"minecraft:campfire":9,"minecraft:stone_axe":3,"minecraft:chainmail_leggings":2,"minecraft:diamond_axe":1,"minecraft:gray_wool":3,"minecraft:baked_potato":67,"minecraft:coal":283,"minecraft:hopper":9,"minecraft:ender_pearl":1},"minecraft:custom":{"minecraft:animals_bred":15,"minecraft:interact_with_crafting_table":67,"minecraft:bell_ring":13,"minecraft:leave_game":15,"minecraft:time_since_death":393150,"minecraft:sprint_one_cm":1050024,"minecraft:damage_blocked_by_shield":1253,"minecraft:drop":664,"minecraft:talked_to_villager":488,"minecraft:play_time":540702,"minecraft:deaths":7,"minecraft:jump":9642,"minecraft:walk_on_water_one_cm":73212,"minecraft:enchant_item":14,"minecraft:interact_with_furnace":87,"minecraft:traded_with_villager":289,"minecraft:sleep_in_bed":9,"minecraft:damage_dealt":28574,"minecraft:crouch_one_cm":116271,"minecraft:interact_with_smoker":27,"minecraft:interact_with_anvil":4,"minecraft:mob_kills":160,"minecraft:walk_one_cm":1250059,"minecraft:raid_win":1,"minecraft:sneak_time":37752,"minecraft:walk_under_water_one_cm":31839,"minecraft:interact_with_blast_furnace":84,"minecraft:total_world_time":540702,"minecraft:interact_with_grindstone":14,"minecraft:time_since_rest":12500,"minecraft:damage_taken":7271,"minecraft:minecart_one_cm":501,"minecraft:swim_one_cm":30673,"minecraft:fly_one_cm":1736852,"minecraft:open_chest":328,"minecraft:fall_one_cm":257904},"minecraft:crafted":{"minecraft:smooth_stone":15,"minecraft:oak_planks":436,"minecraft:stone":15,"minecraft:bookshelf":14,"minecraft:cooked_mutton":34,"minecraft:diamond_helmet":1,"minecraft:diamond_leggings":1,"minecraft:chest":2,"minecraft:rail":16,"minecraft:oak_slab":18,"minecraft:emerald":275,"minecraft:diamond_axe":1,"minecraft:crafting_table":5,"minecraft:spruce_planks":5056,"minecraft:wooden_pickaxe":1,"minecraft:baked_potato":78,"minecraft:birch_planks":4,"minecraft:lectern":5,"minecraft:book":35,"minecraft:paper":108,"minecraft:diamond_pickaxe":4,"minecraft:shield":2,"minecraft:stick":9900,"minecraft:iron_ingot":218,"minecraft:iron_pickaxe":3,"minecraft:iron_block":3,"minecraft:stone_sword":1,"minecraft:gold_ingot":48,"minecraft:gray_carpet":3,"minecraft:shears":1,"minecraft:spruce_button":66,"minecraft:furnace":5,"minecraft:blast_furnace":5,"minecraft:iron_axe":5,"minecraft:spruce_slab":6,"minecraft:stone_pickaxe":3,"minecraft:diamond_boots":1,"minecraft:cooked_beef":22,"minecraft:diamond_sword":2,"minecraft:iron_sword":2,"minecraft:bucket":3,"minecraft:stone_axe":1,"minecraft:enchanted_book":6,"minecraft:air":0,"minecraft:white_wool":17,"minecraft:wooden_axe":7,"minecraft:anvil":1,"minecraft:white_bed":6,"minecraft:torch":128,"minecraft:diamond_chestplate":1},"minecraft:dropped":{"minecraft:iron_sword":1,"minecraft:porkchop":1,"minecraft:diamond_axe":1,"minecraft:lapis_lazuli":46,"minecraft:cooked_beef":4,"minecraft:diamond":6,"minecraft:leather":16,"minecraft:rail":21,"minecraft:flint":3,"minecraft:emerald":1,"minecraft:dirt":3,"minecraft:cornflower":2,"minecraft:iron_pickaxe":2,"minecraft:white_wool":11,"minecraft:bone":32,"minecraft:stone_axe":2,"minecraft:blackstone":14,"minecraft:sugar_cane":1,"minecraft:iron_nugget":14,"minecraft:golden_chestplate":1,"minecraft:cobbled_deepslate":39,"minecraft:obsidian":1,"minecraft:beetroot":2,"minecraft:rotten_flesh":49,"minecraft:oak_planks":9,"minecraft:glowstone_dust":8,"minecraft:azure_bluet":2,"minecraft:carrot":13,"minecraft:chainmail_chestplate":6,"minecraft:poppy":9,"minecraft:gunpowder":14,"minecraft:beetroot_seeds":4,"minecraft:spruce_slab":3,"minecraft:basalt":4,"minecraft:arrow":23,"minecraft:netherrack":2,"minecraft:lectern":4,"minecraft:spawner":2,"minecraft:water_bucket":1,"minecraft:enchanted_book":3,"minecraft:iron_ingot":40,"minecraft:bread":2,"minecraft:oak_slab":3,"minecraft:wheat_seeds":66,"minecraft:bookshelf":2,"minecraft:poisonous_potato":6,"minecraft:oak_fence":4,"minecraft:feather":1,"minecraft:cobblestone":20,"minecraft:lead":2,"minecraft:amethyst_block":13,"minecraft:apple":1,"minecraft:granite":34,"minecraft:spruce_button":8,"minecraft:chainmail_helmet":13,"minecraft:coal":3,"minecraft:stick":157,"minecraft:oxeye_daisy":1,"minecraft:gray_wool":1,"minecraft:diorite":20,"minecraft:wooden_axe":5,"minecraft:iron_leggings":2,"minecraft:iron_axe":9,"minecraft:chainmail_leggings":2,"minecraft:string":184,"minecraft:dandelion":4,"minecraft:redstone":90,"minecraft:furnace":6,"minecraft:soul_soil":4,"minecraft:stone_sword":5,"minecraft:raw_copper":138,"minecraft:tuff":1,"minecraft:raw_iron":2,"minecraft:stone_shovel":1,"minecraft:iron_boots":2,"minecraft:smoker":1,"minecraft:spruce_fence":5,"minecraft:shears":1,"minecraft:diamond_sword":1,"minecraft:potato":42,"minecraft:spruce_planks":260,"minecraft:diamond_pickaxe":4,"minecraft:andesite":29,"minecraft:oak_sapling":16,"minecraft:spider_eye":20,"minecraft:spruce_log":1411,"minecraft:bow":4,"minecraft:stone_pickaxe":4,"minecraft:wooden_pickaxe":2,"minecraft:raw_gold":5},"minecraft:mined":{"minecraft:spruce_planks":54,"minecraft:white_bed":1,"minecraft:spruce_trapdoor":2,"minecraft:granite":42,"minecraft:grass_block":64,"minecraft:yellow_carpet":1,"minecraft:oxeye_daisy":1,"minecraft:spawner":13,"minecraft:cobbled_deepslate":8,"minecraft:iron_ore":232,"minecraft:fire":1,"minecraft:deepslate_lapis_ore":22,"minecraft:azure_bluet":2,"minecraft:dirt_path":6,"minecraft:oak_stairs":1,"minecraft:spruce_slab":5,"minecraft:deepslate_redstone_ore":16,"minecraft:torch":26,"minecraft:blast_furnace":5,"minecraft:poppy":2,"minecraft:spruce_wall_sign":3,"minecraft:cobblestone":59,"minecraft:oak_planks":9,"minecraft:sugar_cane":118,"minecraft:wall_torch":26,"minecraft:birch_log":1,"minecraft:wheat":78,"minecraft:oak_log":16,"minecraft:beetroots":1,"minecraft:dirt":77,"minecraft:netherrack":2,"minecraft:oak_leaves":5,"minecraft:deepslate":131,"minecraft:tuff":1,"minecraft:deepslate_diamond_ore":97,"minecraft:glow_lichen":2,"minecraft:spruce_leaves":9,"minecraft:spruce_sapling":9,"minecraft:furnace":6,"minecraft:carrots":11,"minecraft:andesite":23,"minecraft:potatoes":73,"minecraft:deepslate_iron_ore":155,"minecraft:rail":23,"minecraft:stone":105,"minecraft:white_wool":1,"minecraft:podzol":7,"minecraft:basalt":5,"minecraft:dandelion":5,"minecraft:oak_fence":2,"minecraft:cornflower":1,"minecraft:crafting_table":10,"minecraft:short_grass":260,"minecraft:lectern":234,"minecraft:copper_ore":4,"minecraft:tall_grass":30,"minecraft:deepslate_gold_ore":59,"minecraft:lapis_ore":10,"minecraft:diorite":12,"minecraft:spruce_log":11,"minecraft:coal_ore":73,"minecraft:gravel":15,"minecraft:cobweb":18},"minecraft:used":{"minecraft:spruce_slab":5,"minecraft:chest":2,"minecraft:shield":35,"minecraft:iron_sword":346,"minecraft:rotten_flesh":5,"minecraft:mutton":2,"minecraft:lava_bucket":1,"minecraft:grass_block":2,"minecraft:furnace":5,"minecraft:oak_sapling":14,"minecraft:potato":95,"minecraft:diorite":1,"minecraft:gray_carpet":3,"minecraft:stone_pickaxe":110,"minecraft:oak_planks":78,"minecraft:wooden_pickaxe":5,"minecraft:diamond_axe":226,"minecraft:sugar_cane":14,"minecraft:white_wool":3,"minecraft:blast_furnace":5,"minecraft:deepslate_iron_ore":1,"minecraft:lectern":238,"minecraft:gravel":16,"minecraft:diamond_sword":103,"minecraft:grindstone":1,"minecraft:smithing_table":1,"minecraft:andesite":1,"minecraft:stone_sword":151,"minecraft:stone_shovel":37,"minecraft:spruce_planks":280,"minecraft:netherrack":1,"minecraft:torch":170,"minecraft:dirt":167,"minecraft:anvil":1,"minecraft:chainmail_chestplate":1,"minecraft:yellow_carpet":2,"minecraft:golden_shovel":32,"minecraft:golden_chestplate":1,"minecraft:granite":4,"minecraft:wooden_axe":24,"minecraft:bookshelf":9,"minecraft:iron_axe":109,"minecraft:spawner":1,"minecraft:light_gray_wool":1,"minecraft:beef":8,"minecraft:minecart":4,"minecraft:cooked_beef":18,"minecraft:cobbled_deepslate":69,"minecraft:wheat_seeds":117,"minecraft:cooked_mutton":2,"minecraft:water_bucket":216,"minecraft:birch_planks":4,"minecraft:baked_potato":109,"minecraft:spruce_sign":3,"minecraft:rail":18,"minecraft:crafting_table":13,"minecraft:white_bed":9,"minecraft:spruce_log":17,"minecraft:smoker":1,"minecraft:oak_log":20,"minecraft:diamond_pickaxe":441,"minecraft:apple":4,"minecraft:iron_pickaxe":563,"minecraft:spruce_trapdoor":2,"minecraft:spruce_sapling":198,"minecraft:cobblestone":242,"minecraft:white_banner":2,"minecraft:bucket":219},"minecraft:broken":{"minecraft:golden_shovel":1,"minecraft:iron_pickaxe":2},"minecraft:killed_by":{"minecraft:creeper":1,"minecraft:player":1,"minecraft:skeleton":2}},"DataVersion":4082}