{"stats":{"minecraft:killed":{"minecraft:cave_spider":18,"minecraft:witch":1,"minecraft:spider":66,"minecraft:skeleton":34,"minecraft:bee":1,"minecraft:pig":7,"minecraft:zombie_villager":1,"minecraft:iron_golem":6,"minecraft:creeper":10,"minecraft:sheep":21,"minecraft:trader_llama":1,"minecraft:pillager":5,"minecraft:zombie":58,"minecraft:cow":12,"minecraft:phantom":1,"minecraft:bat":1,"minecraft:enderman":1},"minecraft:picked_up":{"minecraft:wooden_axe":4,"minecraft:wheat":48,"minecraft:smithing_table":1,"minecraft:lead":2,"minecraft:enchanted_book":2,"minecraft:string":439,"minecraft:raw_copper":330,"minecraft:soul_soil":4,"minecraft:iron_leggings":6,"minecraft:beetroot":2,"minecraft:cobbled_deepslate":198,"minecraft:spruce_planks":1019,"minecraft:iron_pickaxe":1,"minecraft:furnace":11,"minecraft:deepslate_iron_ore":1,"minecraft:iron_boots":12,"minecraft:stick":538,"minecraft:oak_fence":8,"minecraft:torch":238,"minecraft:porkchop":8,"minecraft:pointed_dripstone":23,"minecraft:diorite":21,"minecraft:stone_sword":6,"minecraft:rotten_flesh":65,"minecraft:obsidian":1,"minecraft:cobblestone":304,"minecraft:birch_log":1,"minecraft:feather":1,"minecraft:water_bucket":4,"minecraft:andesite":32,"minecraft:smoker":2,"minecraft:potato":1694,"minecraft:flint":5,"minecraft:tuff":1,"minecraft:lapis_lazuli":548,"minecraft:dirt":187,"minecraft:name_tag":1,"minecraft:bone":37,"minecraft:bow":4,"minecraft:wheat_seeds":222,"minecraft:raw_gold":94,"minecraft:grindstone":1,"minecraft:fletching_table":20,"minecraft:glowstone_dust":8,"minecraft:oak_planks":135,"minecraft:poisonous_potato":13,"minecraft:grass_block":2,"minecraft:spruce_fence_gate":9,"minecraft:yellow_carpet":2,"minecraft:diamond":151,"minecraft:granite":77,"minecraft:golden_apple":1,"minecraft:bread":1,"minecraft:spruce_sign":9,"minecraft:spruce_button":6,"minecraft:emerald":136,"minecraft:chainmail_helmet":13,"minecraft:oak_sapling":78,"minecraft:netherrack":6,"minecraft:diamond_pickaxe":3,"minecraft:crafting_table":14,"minecraft:azure_bluet":2,"minecraft:chest_minecart":1,"minecraft:wooden_pickaxe":3,"minecraft:cornflower":2,"minecraft:oak_trapdoor":3,"minecraft:iron_axe":6,"minecraft:blackstone":14,"minecraft:detector_rail":1,"minecraft:beef":26,"minecraft:minecart":5,"minecraft:light_gray_wool":1,"minecraft:poppy":15,"minecraft:spruce_slab":44,"minecraft:lectern":514,"minecraft:sugar_cane":225,"minecraft:chest":7,"minecraft:spruce_trapdoor":2,"minecraft:copper_ore":3,"minecraft:raw_iron":1031,"minecraft:spruce_fence":5,"minecraft:carrot":50,"minecraft:redstone":100,"minecraft:arrow":32,"minecraft:stone_shovel":1,"minecraft:beetroot_seeds":7,"minecraft:shears":1,"minecraft:saddle":1,"minecraft:glow_berries":9,"minecraft:mutton":36,"minecraft:bone_block":37,"minecraft:white_wool":29,"minecraft:rail":46,"minecraft:oxeye_daisy":1,"minecraft:basalt":4,"minecraft:glow_ink_sac":2,"minecraft:leather":19,"minecraft:birch_planks":3,"minecraft:oak_log":129,"minecraft:chainmail_chestplate":6,"minecraft:gunpowder":15,"minecraft:white_banner":3,"minecraft:spawner":20,"minecraft:apple":7,"minecraft:iron_ingot":71,"minecraft:stone_pickaxe":3,"minecraft:iron_ore":10,"minecraft:book":14,"minecraft:oak_slab":1,"minecraft:dandelion":8,"minecraft:dripstone_block":1,"minecraft:gravel":24,"minecraft:spruce_sapling":358,"minecraft:blast_furnace":5,"minecraft:white_bed":8,"minecraft:spruce_log":4414,"minecraft:spider_eye":38,"minecraft:pumpkin_seeds":11,"minecraft:campfire":9,"minecraft:stone_axe":3,"minecraft:chainmail_leggings":2,"minecraft:diamond_axe":7,"minecraft:gray_wool":3,"minecraft:baked_potato":67,"minecraft:melon_seeds":4,"minecraft:coal":477,"minecraft:hopper":9,"minecraft:ender_pearl":1},"minecraft:custom":{"minecraft:animals_bred":15,"minecraft:interact_with_crafting_table":94,"minecraft:bell_ring":14,"minecraft:leave_game":19,"minecraft:time_since_death":18950,"minecraft:sprint_one_cm":1671021,"minecraft:damage_blocked_by_shield":1451,"minecraft:drop":946,"minecraft:talked_to_villager":1179,"minecraft:play_time":838456,"minecraft:deaths":9,"minecraft:jump":14716,"minecraft:walk_on_water_one_cm":197225,"minecraft:enchant_item":14,"minecraft:interact_with_furnace":90,"minecraft:traded_with_villager":430,"minecraft:sleep_in_bed":14,"minecraft:damage_dealt":46094,"minecraft:crouch_one_cm":204925,"minecraft:interact_with_smoker":37,"minecraft:mob_kills":260,"minecraft:interact_with_anvil":7,"minecraft:inspect_hopper":2,"minecraft:climb_one_cm":10517,"minecraft:walk_one_cm":2150165,"minecraft:raid_win":1,"minecraft:sneak_time":64013,"minecraft:walk_under_water_one_cm":199696,"minecraft:interact_with_blast_furnace":118,"minecraft:total_world_time":838456,"minecraft:interact_with_grindstone":14,"minecraft:time_since_rest":19036,"minecraft:damage_taken":11980,"minecraft:minecart_one_cm":501,"minecraft:swim_one_cm":43190,"minecraft:fly_one_cm":2598075,"minecraft:open_chest":572,"minecraft:fall_one_cm":409206},"minecraft:crafted":{"minecraft:smooth_stone":15,"minecraft:oak_planks":436,"minecraft:stone":15,"minecraft:bookshelf":14,"minecraft:cooked_mutton":34,"minecraft:hopper":3,"minecraft:diamond_helmet":2,"minecraft:diamond_leggings":2,"minecraft:chest":15,"minecraft:rail":16,"minecraft:oak_slab":18,"minecraft:emerald":407,"minecraft:diamond_axe":2,"minecraft:crafting_table":5,"minecraft:spruce_planks":8856,"minecraft:wooden_pickaxe":1,"minecraft:baked_potato":194,"minecraft:birch_planks":4,"minecraft:spruce_trapdoor":4,"minecraft:lectern":5,"minecraft:book":35,"minecraft:paper":108,"minecraft:diamond_pickaxe":5,"minecraft:shield":3,"minecraft:stick":14716,"minecraft:iron_ingot":319,"minecraft:iron_pickaxe":3,"minecraft:iron_block":3,"minecraft:stone_sword":1,"minecraft:gold_ingot":48,"minecraft:gray_carpet":3,"minecraft:shears":1,"minecraft:spruce_button":66,"minecraft:furnace":5,"minecraft:blast_furnace":5,"minecraft:bone_meal":345,"minecraft:iron_axe":5,"minecraft:spruce_slab":252,"minecraft:stone_pickaxe":3,"minecraft:diamond_boots":2,"minecraft:cooked_beef":22,"minecraft:diamond_sword":2,"minecraft:spruce_sign":9,"minecraft:iron_sword":2,"minecraft:bucket":3,"minecraft:stone_axe":1,"minecraft:enchanted_book":11,"minecraft:air":0,"minecraft:white_wool":20,"minecraft:wooden_axe":7,"minecraft:anvil":1,"minecraft:white_bed":7,"minecraft:torch":228,"minecraft:diamond_chestplate":2},"minecraft:dropped":{"minecraft:spruce_sign":2,"minecraft:iron_sword":1,"minecraft:porkchop":1,"minecraft:diamond_axe":8,"minecraft:lapis_lazuli":64,"minecraft:cooked_beef":4,"minecraft:diamond":6,"minecraft:glow_berries":9,"minecraft:chest_minecart":1,"minecraft:leather":16,"minecraft:rail":32,"minecraft:emerald":38,"minecraft:flint":8,"minecraft:dirt":10,"minecraft:cornflower":2,"minecraft:iron_pickaxe":2,"minecraft:white_wool":11,"minecraft:bone":36,"minecraft:gravel":9,"minecraft:stone_axe":2,"minecraft:blackstone":14,"minecraft:sugar_cane":1,"minecraft:detector_rail":1,"minecraft:iron_nugget":14,"minecraft:golden_chestplate":1,"minecraft:cobbled_deepslate":40,"minecraft:pointed_dripstone":2,"minecraft:obsidian":1,"minecraft:beetroot":2,"minecraft:rotten_flesh":64,"minecraft:oak_planks":14,"minecraft:glowstone_dust":8,"minecraft:azure_bluet":2,"minecraft:carrot":13,"minecraft:chainmail_chestplate":6,"minecraft:poppy":15,"minecraft:gunpowder":16,"minecraft:beetroot_seeds":7,"minecraft:melon_seeds":4,"minecraft:chest":3,"minecraft:spruce_slab":12,"minecraft:basalt":4,"minecraft:arrow":34,"minecraft:netherrack":5,"minecraft:lectern":6,"minecraft:spawner":4,"minecraft:water_bucket":3,"minecraft:enchanted_book":4,"minecraft:iron_ingot":40,"minecraft:bread":3,"minecraft:oak_slab":3,"minecraft:wheat_seeds":74,"minecraft:minecart":1,"minecraft:bookshelf":2,"minecraft:dripstone_block":1,"minecraft:poisonous_potato":13,"minecraft:feather":1,"minecraft:oak_fence":8,"minecraft:lead":2,"minecraft:cobblestone":79,"minecraft:book":1,"minecraft:apple":1,"minecraft:amethyst_block":13,"minecraft:granite":67,"minecraft:spruce_button":8,"minecraft:chainmail_helmet":13,"minecraft:coal":3,"minecraft:stick":158,"minecraft:oxeye_daisy":1,"minecraft:gray_wool":1,"minecraft:diorite":20,"minecraft:torch":83,"minecraft:wooden_axe":5,"minecraft:iron_leggings":2,"minecraft:iron_axe":9,"minecraft:chainmail_leggings":2,"minecraft:string":299,"minecraft:dandelion":8,"minecraft:redstone":100,"minecraft:furnace":6,"minecraft:soul_soil":4,"minecraft:stone_sword":5,"minecraft:raw_copper":330,"minecraft:tuff":1,"minecraft:stone_shovel":1,"minecraft:raw_iron":2,"minecraft:iron_boots":2,"minecraft:smoker":1,"minecraft:spruce_fence":5,"minecraft:shears":1,"minecraft:pumpkin_seeds":11,"minecraft:diamond_sword":1,"minecraft:potato":887,"minecraft:spruce_trapdoor":1,"minecraft:spruce_planks":390,"minecraft:diamond_pickaxe":6,"minecraft:andesite":30,"minecraft:oak_sapling":16,"minecraft:spider_eye":43,"minecraft:spruce_log":1411,"minecraft:bow":4,"minecraft:stone_pickaxe":4,"minecraft:wooden_pickaxe":2,"minecraft:raw_gold":5},"minecraft:mined":{"minecraft:spruce_planks":320,"minecraft:white_bed":1,"minecraft:spruce_trapdoor":2,"minecraft:granite":60,"minecraft:grass_block":65,"minecraft:yellow_carpet":1,"minecraft:oxeye_daisy":3,"minecraft:spawner":21,"minecraft:iron_ore":232,"minecraft:cobbled_deepslate":8,"minecraft:fire":3,"minecraft:deepslate_lapis_ore":22,"minecraft:azure_bluet":2,"minecraft:pointed_dripstone":11,"minecraft:dirt_path":6,"minecraft:oak_stairs":1,"minecraft:white_banner":1,"minecraft:spruce_slab":33,"minecraft:deepslate_redstone_ore":16,"minecraft:soul_fire":8,"minecraft:torch":104,"minecraft:blast_furnace":5,"minecraft:poppy":3,"minecraft:chest":7,"minecraft:spruce_wall_sign":3,"minecraft:cobblestone":60,"minecraft:sugar_cane":171,"minecraft:oak_planks":9,"minecraft:wall_torch":72,"minecraft:birch_log":1,"minecraft:wheat":78,"minecraft:oak_log":16,"minecraft:beetroots":1,"minecraft:dirt":78,"minecraft:netherrack":2,"minecraft:oak_leaves":5,"minecraft:deepslate":183,"minecraft:tuff":1,"minecraft:deepslate_diamond_ore":97,"minecraft:glow_lichen":2,"minecraft:spruce_leaves":10,"minecraft:oak_trapdoor":3,"minecraft:spruce_sapling":11,"minecraft:furnace":6,"minecraft:carrots":11,"minecraft:andesite":25,"minecraft:potatoes":213,"minecraft:deepslate_iron_ore":157,"minecraft:rail":34,"minecraft:stone":215,"minecraft:bone_block":39,"minecraft:white_wool":1,"minecraft:podzol":7,"minecraft:basalt":5,"minecraft:dandelion":10,"minecraft:oak_fence":2,"minecraft:crafting_table":13,"minecraft:cornflower":1,"minecraft:short_grass":310,"minecraft:lectern":508,"minecraft:copper_ore":4,"minecraft:tall_grass":31,"minecraft:lapis_ore":10,"minecraft:deepslate_gold_ore":59,"minecraft:diorite":12,"minecraft:spruce_log":13,"minecraft:coal_ore":73,"minecraft:dripstone_block":1,"minecraft:gravel":30,"minecraft:cobweb":46},"minecraft:used":{"minecraft:spruce_slab":188,"minecraft:chest":11,"minecraft:shield":40,"minecraft:iron_sword":346,"minecraft:rotten_flesh":5,"minecraft:mutton":2,"minecraft:lava_bucket":1,"minecraft:grass_block":2,"minecraft:copper_ore":3,"minecraft:oak_sapling":14,"minecraft:furnace":5,"minecraft:potato":244,"minecraft:diorite":1,"minecraft:gray_carpet":3,"minecraft:stone_pickaxe":110,"minecraft:oak_planks":79,"minecraft:wooden_pickaxe":5,"minecraft:diamond_axe":802,"minecraft:sugar_cane":16,"minecraft:white_wool":3,"minecraft:blast_furnace":8,"minecraft:deepslate_iron_ore":1,"minecraft:lectern":513,"minecraft:gravel":16,"minecraft:diamond_sword":445,"minecraft:grindstone":1,"minecraft:smithing_table":1,"minecraft:andesite":1,"minecraft:bone_meal":57,"minecraft:oak_trapdoor":3,"minecraft:stone_sword":151,"minecraft:stone_shovel":37,"minecraft:spruce_planks":1308,"minecraft:netherrack":1,"minecraft:torch":356,"minecraft:dirt":169,"minecraft:anvil":1,"minecraft:chainmail_chestplate":1,"minecraft:yellow_carpet":2,"minecraft:golden_shovel":32,"minecraft:golden_chestplate":1,"minecraft:granite":6,"minecraft:wooden_axe":24,"minecraft:bookshelf":9,"minecraft:iron_axe":109,"minecraft:spawner":4,"minecraft:light_gray_wool":1,"minecraft:beef":8,"minecraft:minecart":4,"minecraft:cooked_beef":18,"minecraft:cobbled_deepslate":70,"minecraft:wheat_seeds":117,"minecraft:cooked_mutton":2,"minecraft:water_bucket":285,"minecraft:iron_ore":10,"minecraft:birch_planks":4,"minecraft:baked_potato":203,"minecraft:spruce_sign":8,"minecraft:rail":30,"minecraft:crafting_table":17,"minecraft:white_bed":10,"minecraft:spruce_log":18,"minecraft:smoker":1,"minecraft:oak_log":20,"minecraft:diamond_pickaxe":796,"minecraft:apple":4,"minecraft:iron_pickaxe":563,"minecraft:detector_rail":1,"minecraft:spruce_trapdoor":2,"minecraft:spruce_sapling":316,"minecraft:cobblestone":304,"minecraft:white_banner":2,"minecraft:bucket":290},"minecraft:killed_by":{"minecraft:creeper":1,"minecraft:player":1,"minecraft:skeleton":2},"minecraft:broken":{"minecraft:diamond_helmet":1,"minecraft:golden_shovel":1,"minecraft:iron_pickaxe":2}},"DataVersion":4082}