{"stats":{"minecraft:dropped":{"minecraft:dirt":1,"minecraft:cobblestone":29,"minecraft:wooden_pickaxe":1,"minecraft:stone_pickaxe":1,"minecraft:dandelion":1,"minecraft:stick":3},"minecraft:used":{"minecraft:stone_pickaxe":25,"minecraft:chest":2,"minecraft:wooden_pickaxe":1,"minecraft:cobblestone_slab":180,"minecraft:dirt":16,"minecraft:cobblestone":1,"minecraft:oak_sapling":1,"minecraft:dandelion":1},"minecraft:crafted":{"minecraft:oak_planks":12,"minecraft:cobblestone_slab":180,"minecraft:chest":1},"minecraft:picked_up":{"minecraft:birch_log":6,"minecraft:pink_petals":4,"minecraft:stick":5,"minecraft:lilac":1,"minecraft:torch":1,"minecraft:dandelion":2,"minecraft:oak_log":5,"minecraft:dirt":37,"minecraft:peony":1,"minecraft:stone_pickaxe":1,"minecraft:rose_bush":1,"minecraft:oak_sapling":1,"minecraft:chest":1,"minecraft:cobblestone":77,"minecraft:sunflower":1},"minecraft:mined":{"minecraft:pink_petals":1,"minecraft:birch_log":6,"minecraft:lilac":1,"minecraft:peony":1,"minecraft:grass_block":18,"minecraft:oak_log":5,"minecraft:chest":1,"minecraft:rose_bush":1,"minecraft:sunflower":1,"minecraft:dirt":26,"minecraft:cobblestone":25,"minecraft:oak_leaves":2,"minecraft:wall_torch":1},"minecraft:custom":{"minecraft:time_since_rest":22143,"minecraft:sprint_one_cm":26037,"minecraft:damage_taken":280,"minecraft:walk_one_cm":25749,"minecraft:drop":14,"minecraft:interact_with_crafting_table":8,"minecraft:fly_one_cm":28127,"minecraft:open_chest":22,"minecraft:crouch_one_cm":23931,"minecraft:play_time":31304,"minecraft:deaths":1,"minecraft:sneak_time":6164,"minecraft:walk_under_water_one_cm":153,"minecraft:jump":179,"minecraft:leave_game":2,"minecraft:walk_on_water_one_cm":273,"minecraft:time_since_death":22119,"minecraft:total_world_time":31304,"minecraft:fall_one_cm":3839}},"DataVersion":3955}