{"stats":{"minecraft:dropped":{"minecraft:cobblestone":52,"minecraft:stone_pickaxe":1},"minecraft:used":{"minecraft:lava_bucket":2,"minecraft:dirt":7,"minecraft:cobblestone":1,"minecraft:crafting_table":1,"minecraft:stone_pickaxe":33,"minecraft:bucket":1,"minecraft:ice":1,"minecraft:wooden_pickaxe":20},"minecraft:crafted":{"minecraft:crafting_table":1,"minecraft:stick":4,"minecraft:stone_pickaxe":1,"minecraft:wooden_pickaxe":1},"minecraft:picked_up":{"minecraft:wheat_seeds":1,"minecraft:pointed_dripstone":2,"minecraft:moss_block":1,"minecraft:glow_berries":2,"minecraft:oak_planks":9,"minecraft:dirt":10,"minecraft:cobblestone":67},"minecraft:mined":{"minecraft:grass_block":3,"minecraft:dirt":4,"minecraft:cobblestone":53,"minecraft:ice":1},"minecraft:custom":{"minecraft:open_chest":14,"minecraft:time_since_rest":19837,"minecraft:crouch_one_cm":5250,"minecraft:play_time":19837,"minecraft:sprint_one_cm":11783,"minecraft:damage_taken":10,"minecraft:walk_one_cm":16289,"minecraft:sneak_time":2270,"minecraft:drop":8,"minecraft:jump":213,"minecraft:damage_dealt":10,"minecraft:leave_game":2,"minecraft:time_since_death":19837,"minecraft:total_world_time":19837,"minecraft:interact_with_crafting_table":2,"minecraft:fall_one_cm":4087,"minecraft:fly_one_cm":34475}},"DataVersion":3955}