{
	"type": "minecraft:crafting_shaped",
	"pattern": [
		"SSS",
		"SAS",
		"SSS"
	],
	"key": {
		"S": [
			{
				"item": "minecraft:blackstone"
			},
			{
				"item": "minecraft:stone"
			},
			{
				"item": "minecraft:granite"
			},
			{
				"item": "minecraft:diorite"
			},
			{
				"item": "minecraft:andesite"
			},
			{
				"item": "minecraft:tuff"
			},
			{
				"item": "minecraft:deepslate"
			},
			{
				"item": "minecraft:cobblestone"
			},
			{
				"item": "minecraft:cobbled_deepslate"
			}
		],
		"A": {
			"item": "minecraft:water_bucket"
		}
	},
	"result": {
		"item": "minecraft:sand",
		"count": 8
	}
}
