[
    {
        "name": "Ores",
        "blocks": [
            "minecraft:coal_ore",
            "minecraft:deepslate_coal_ore",
            "minecraft:copper_ore",
            "minecraft:deepslate_copper_ore",
            "minecraft:diamond_ore",
            "minecraft:deepslate_diamond_ore",
            "minecraft:emerald_ore",
            "minecraft:deepslate_emerald_ore",
            "minecraft:gold_ore",
            "minecraft:deepslate_gold_ore",
            "minecraft:iron_ore",
            "minecraft:deepslate_iron_ore",
            "minecraft:lapis_ore",
            "minecraft:deepslate_lapis_ore",
            "minecraft:redstone_ore",
            "minecraft:deepslate_redstone_ore",
            "minecraft:nether_gold_ore",
            "minecraft:nether_quartz_ore"
        ],
        "tools": [
            "minecraft:wooden_pickaxe",
            "minecraft:stone_pickaxe",
            "minecraft:golden_pickaxe",
            "minecraft:iron_pickaxe",
            "minecraft:diamond_pickaxe",
            "minecraft:netherite_pickaxe"
        ]
    },
    {
        "name": "Wood",
        "blocks": [
            "minecraft:oak_log",
            "minecraft:spruce_log",
            "minecraft:birch_log",
            "minecraft:jungle_log",
            "minecraft:acacia_log",
            "minecraft:dark_oak_log",
            "minecraft:mangrove_log",
            "minecraft:cherry_log",
            "minecraft:pale_oak_log",
            "minecraft:crimson_stem",
            "minecraft:warped_stem"
        ],
        "tools": [
            "minecraft:wooden_axe",
            "minecraft:stone_axe",
            "minecraft:golden_axe",
            "minecraft:iron_axe",
            "minecraft:diamond_axe",
            "minecraft:netherite_axe"
        ]
    }
]