{
	"display": {
		"icon": {
			"item": "minecraft:lightning_rod"
		},
		"title": {
			"translate": "Electrifying",
			"color": "aqua"
		},
		"description": {
			"translate": "Throw a channeling trident at a lightning rod",
			"color": "white"
		}
	},
	"parent": "skyblock:cave_island/get_copper_ingot",
	"criteria": {
		"requirement": {
			"trigger": "minecraft:channeled_lightning",
			"conditions": {
				"victims": [
					{
						"stepping_on": {
							"block": {
								"blocks": [
									"minecraft:lightning_rod"
								]
							}
						}
					}
				]
			}
		}
	}
}
