{
	"display": {
		"icon": {
			"item": "minecraft:deepslate"
		},
		"title": {
			"translate": "Deep blocks",
			"color": "aqua"
		},
		"description": {
			"translate": "Get tuff and deepslate",
			"color": "white"
		}
	},
	"parent": "skyblock:cave_island/get_more_pointed_dripstones",
	"criteria": {
		"deepslate": {
			"trigger": "minecraft:inventory_changed",
			"conditions": {
				"items": [
					{
						"items": [
							"minecraft:deepslate"
						]
					}
				]
			}
		},
		"tuff": {
			"trigger": "minecraft:inventory_changed",
			"conditions": {
				"items": [
					{
						"items": [
							"minecraft:tuff"
						]
					}
				]
			}
		}
	}
}
