{"minecraft:recipes/decorations/crafting_table":{"criteria":{"unlock_right_away":"2025-05-02 07:39:22 +0000"},"done":true},"minecraft:adventure/adventuring_time":{"criteria":{"minecraft:forest":"2025-05-03 05:54:19 +0000","minecraft:taiga":"2025-05-03 05:54:34 +0000","minecraft:river":"2025-05-02 07:40:06 +0000","minecraft:snowy_plains":"2025-05-02 07:39:23 +0000","minecraft:plains":"2025-05-02 07:39:37 +0000"},"done":false},"minecraft:recipes/misc/charcoal":{"criteria":{"has_log":"2025-05-02 07:39:45 +0000"},"done":true},"minecraft:recipes/building_blocks/oak_planks":{"criteria":{"has_logs":"2025-05-02 07:39:45 +0000"},"done":true},"minecraft:recipes/building_blocks/oak_wood":{"criteria":{"has_log":"2025-05-02 07:39:45 +0000"},"done":true},"minecraft:recipes/building_blocks/oak_slab":{"criteria":{"has_planks":"2025-05-02 07:40:02 +0000"},"done":true},"minecraft:recipes/decorations/oak_sign":{"criteria":{"has_planks":"2025-05-02 07:40:02 +0000"},"done":true},"minecraft:recipes/redstone/oak_trapdoor":{"criteria":{"has_planks":"2025-05-02 07:40:02 +0000"},"done":true},"minecraft:recipes/redstone/oak_fence_gate":{"criteria":{"has_planks":"2025-05-02 07:40:02 +0000"},"done":true},"minecraft:recipes/redstone/oak_pressure_plate":{"criteria":{"has_planks":"2025-05-02 07:40:02 +0000"},"done":true},"minecraft:recipes/redstone/oak_door":{"criteria":{"has_planks":"2025-05-02 07:40:02 +0000"},"done":true},"minecraft:recipes/misc/stick":{"criteria":{"has_planks":"2025-05-02 07:40:02 +0000"},"done":true},"minecraft:recipes/building_blocks/oak_stairs":{"criteria":{"has_planks":"2025-05-02 07:40:02 +0000"},"done":true},"minecraft:recipes/decorations/oak_fence":{"criteria":{"has_planks":"2025-05-02 07:40:02 +0000"},"done":true},"minecraft:recipes/decorations/barrel":{"criteria":{"has_planks":"2025-05-02 07:40:02 +0000"},"done":true},"minecraft:recipes/redstone/oak_button":{"criteria":{"has_planks":"2025-05-02 07:40:02 +0000"},"done":true},"minecraft:recipes/transportation/mangrove_boat":{"criteria":{"in_water":"2025-05-02 07:40:06 +0000"},"done":true},"minecraft:recipes/transportation/acacia_boat":{"criteria":{"in_water":"2025-05-02 07:40:06 +0000"},"done":true},"minecraft:recipes/transportation/cherry_boat":{"criteria":{"in_water":"2025-05-02 07:40:06 +0000"},"done":true},"minecraft:recipes/transportation/bamboo_raft":{"criteria":{"in_water":"2025-05-02 07:40:06 +0000"},"done":true},"minecraft:recipes/transportation/spruce_boat":{"criteria":{"in_water":"2025-05-02 07:40:06 +0000"},"done":true},"minecraft:recipes/transportation/birch_boat":{"criteria":{"in_water":"2025-05-02 07:40:06 +0000"},"done":true},"minecraft:recipes/transportation/oak_boat":{"criteria":{"in_water":"2025-05-02 07:40:06 +0000"},"done":true},"minecraft:recipes/transportation/jungle_boat":{"criteria":{"in_water":"2025-05-02 07:40:06 +0000"},"done":true},"minecraft:recipes/transportation/dark_oak_boat":{"criteria":{"in_water":"2025-05-02 07:40:06 +0000"},"done":true},"incendium:technical/scroll_of_returning":{"criteria":{"log_spam_fixer":"2025-05-03 05:49:52 +0000"},"done":false},"incendium:technical/sentrys_wrath":{"criteria":{"log_spam_fixer":"2025-05-03 06:10:21 +0000"},"done":false},"incendium:technical/inventory/sentrys_wrath":{"criteria":{"log_spam_fixer":"2025-05-03 06:10:21 +0000"},"done":false},"incendium:technical/multiplex_crossbow":{"criteria":{"log_spam_fixer":"2025-05-03 06:10:21 +0000"},"done":false},"incendium:technical/using/ragnarok":{"criteria":{"log_spam_fixer":"2025-05-03 05:49:52 +0000"},"done":false},"incendium:technical/feed_ghastling":{"criteria":{"log_spam_fixer":"2025-05-03 06:10:21 +0000"},"done":false},"incendium:technical/on_inventory_change":{"criteria":{"log_spam_fixer":"2025-05-03 06:10:21 +0000"},"done":false},"incendium:technical/on_player_hurt":{"criteria":{"log_spam_fixer":"2025-05-03 06:10:21 +0000"},"done":false},"incendium:technical/using/trailblazer":{"criteria":{"log_spam_fixer":"2025-05-03 05:49:52 +0000"},"done":false},"incendium:technical/firestorm":{"criteria":{"log_spam_fixer":"2025-05-03 06:10:21 +0000"},"done":false},"incendium:technical/holy_wrath":{"criteria":{"log_spam_fixer":"2025-05-03 06:10:21 +0000"},"done":false},"incendium:technical/on_block":{"criteria":{"log_spam_fixer":"2025-05-03 06:10:21 +0000"},"done":false},"incendium:technical/using/shield":{"criteria":{"log_spam_fixer":"2025-05-03 05:49:52 +0000"},"done":false},"incendium:technical/inventory/firestorm":{"criteria":{"log_spam_fixer":"2025-05-03 06:10:21 +0000"},"done":false},"incendium:technical/new_player":{"criteria":{"requirement":"2025-05-03 05:49:52 +0000"},"done":true},"incendium:technical/give_ghastling":{"criteria":{"log_spam_fixer":"2025-05-03 06:10:21 +0000"},"done":false},"incendium:technical/on_kill":{"criteria":{"log_spam_fixer":"2025-05-03 06:10:21 +0000"},"done":false},"minecraft:recipes/redstone/spruce_button":{"criteria":{"has_planks":"2025-05-03 05:54:12 +0000"},"done":true},"minecraft:recipes/building_blocks/smooth_basalt":{"criteria":{"has_basalt":"2025-05-03 05:52:39 +0000"},"done":true},"minecraft:recipes/food/baked_potato_from_campfire_cooking":{"criteria":{"has_potato":"2025-05-03 05:52:27 +0000"},"done":true},"minecraft:recipes/building_blocks/blackstone_stairs":{"criteria":{"has_blackstone":"2025-05-03 05:52:39 +0000"},"done":true},"minecraft:recipes/building_blocks/blackstone_slab_from_blackstone_stonecutting":{"criteria":{"has_blackstone":"2025-05-03 05:52:39 +0000"},"done":true},"minecraft:recipes/decorations/polished_blackstone_brick_wall_from_blackstone_stonecutting":{"criteria":{"has_blackstone":"2025-05-03 05:52:39 +0000"},"done":true},"minecraft:recipes/building_blocks/polished_blackstone_slab_from_blackstone_stonecutting":{"criteria":{"has_blackstone":"2025-05-03 05:52:39 +0000"},"done":true},"minecraft:recipes/redstone/spruce_pressure_plate":{"criteria":{"has_planks":"2025-05-03 05:54:12 +0000"},"done":true},"minecraft:recipes/combat/stone_sword":{"criteria":{"has_cobblestone":"2025-05-03 05:52:39 +0000"},"done":true},"minecraft:recipes/tools/stone_pickaxe":{"criteria":{"has_cobblestone":"2025-05-03 05:52:39 +0000"},"done":true},"minecraft:recipes/tools/stone_axe":{"criteria":{"has_cobblestone":"2025-05-03 05:52:39 +0000"},"done":true},"minecraft:story/mine_stone":{"criteria":{"get_stone":"2025-05-03 05:52:39 +0000"},"done":true},"minecraft:recipes/decorations/furnace":{"criteria":{"has_cobblestone":"2025-05-03 05:52:39 +0000"},"done":true},"minecraft:recipes/building_blocks/polished_blackstone":{"criteria":{"has_blackstone":"2025-05-03 05:52:39 +0000"},"done":true},"minecraft:recipes/food/baked_potato_from_smoking":{"criteria":{"has_potato":"2025-05-03 05:52:27 +0000"},"done":true},"minecraft:recipes/food/baked_potato":{"criteria":{"has_potato":"2025-05-03 05:52:27 +0000"},"done":true},"minecraft:recipes/misc/gold_ingot_from_nuggets":{"criteria":{"has_gold_nugget":"2025-05-03 05:52:39 +0000"},"done":true},"minecraft:recipes/decorations/spruce_sign":{"criteria":{"has_planks":"2025-05-03 05:54:12 +0000"},"done":true},"minecraft:recipes/decorations/blackstone_wall":{"criteria":{"has_blackstone":"2025-05-03 05:52:39 +0000"},"done":true},"minecraft:recipes/building_blocks/blackstone_slab":{"criteria":{"has_blackstone":"2025-05-03 05:52:39 +0000"},"done":true},"minecraft:recipes/building_blocks/polished_blackstone_brick_slab_from_blackstone_stonecutting":{"criteria":{"has_blackstone":"2025-05-03 05:52:39 +0000"},"done":true},"minecraft:recipes/redstone/spruce_trapdoor":{"criteria":{"has_planks":"2025-05-03 05:54:12 +0000"},"done":true},"minecraft:recipes/redstone/spruce_door":{"criteria":{"has_planks":"2025-05-03 05:54:12 +0000"},"done":true},"minecraft:recipes/redstone/spruce_fence_gate":{"criteria":{"has_planks":"2025-05-03 05:54:12 +0000"},"done":true},"minecraft:story/shiny_gear":{"criteria":{"diamond_helmet":"2025-05-03 05:56:19 +0000"},"done":true},"minecraft:recipes/brewing/golden_carrot":{"criteria":{"has_gold_nugget":"2025-05-03 05:52:39 +0000"},"done":true},"minecraft:recipes/building_blocks/polished_blackstone_from_blackstone_stonecutting":{"criteria":{"has_blackstone":"2025-05-03 05:52:39 +0000"},"done":true},"minecraft:recipes/building_blocks/polished_basalt_from_basalt_stonecutting":{"criteria":{"has_basalt":"2025-05-03 05:52:39 +0000"},"done":true},"minecraft:recipes/building_blocks/polished_blackstone_brick_stairs_from_blackstone_stonecutting":{"criteria":{"has_blackstone":"2025-05-03 05:52:39 +0000"},"done":true},"minecraft:recipes/building_blocks/polished_blackstone_bricks_from_blackstone_stonecutting":{"criteria":{"has_blackstone":"2025-05-03 05:52:39 +0000"},"done":true},"minecraft:recipes/decorations/blackstone_wall_from_blackstone_stonecutting":{"criteria":{"has_blackstone":"2025-05-03 05:52:39 +0000"},"done":true},"minecraft:recipes/misc/bone_meal":{"criteria":{"has_bone":"2025-05-03 05:52:39 +0000"},"done":true},"minecraft:husbandry/balanced_diet":{"criteria":{"cooked_beef":"2025-05-03 06:03:06 +0000"},"done":false},"minecraft:recipes/building_blocks/polished_blackstone_stairs_from_blackstone_stonecutting":{"criteria":{"has_blackstone":"2025-05-03 05:52:39 +0000"},"done":true},"minecraft:husbandry/root":{"criteria":{"consumed_item":"2025-05-03 06:03:06 +0000"},"done":true},"minecraft:recipes/tools/stone_hoe":{"criteria":{"has_cobblestone":"2025-05-03 05:52:39 +0000"},"done":true},"minecraft:recipes/decorations/spruce_fence":{"criteria":{"has_planks":"2025-05-03 05:54:12 +0000"},"done":true},"minecraft:recipes/building_blocks/spruce_stairs":{"criteria":{"has_planks":"2025-05-03 05:54:12 +0000"},"done":true},"minecraft:recipes/misc/nether_brick":{"criteria":{"has_netherrack":"2025-05-03 05:53:34 +0000"},"done":true},"minecraft:recipes/tools/stone_shovel":{"criteria":{"has_cobblestone":"2025-05-03 05:52:39 +0000"},"done":true},"minecraft:recipes/building_blocks/spruce_slab":{"criteria":{"has_planks":"2025-05-03 05:54:12 +0000"},"done":true},"minecraft:recipes/decorations/polished_blackstone_wall_from_blackstone_stonecutting":{"criteria":{"has_blackstone":"2025-05-03 05:52:39 +0000"},"done":true},"minecraft:recipes/building_blocks/polished_basalt":{"criteria":{"has_basalt":"2025-05-03 05:52:39 +0000"},"done":true},"minecraft:recipes/building_blocks/chiseled_polished_blackstone_from_blackstone_stonecutting":{"criteria":{"has_blackstone":"2025-05-03 05:52:39 +0000"},"done":true},"minecraft:recipes/building_blocks/blackstone_stairs_from_blackstone_stonecutting":{"criteria":{"has_blackstone":"2025-05-03 05:52:39 +0000"},"done":true},"DataVersion":4082}