{"minecraft:recipes/decorations/crafting_table":{"criteria":{"unlock_right_away":"2025-05-02 07:39:22 +0000"},"done":true},"minecraft:adventure/adventuring_time":{"criteria":{"minecraft:river":"2025-05-02 07:40:06 +0000","minecraft:snowy_plains":"2025-05-02 07:39:23 +0000","minecraft:plains":"2025-05-02 07:39:37 +0000"},"done":false},"minecraft:recipes/misc/charcoal":{"criteria":{"has_log":"2025-05-02 07:39:45 +0000"},"done":true},"minecraft:recipes/building_blocks/oak_planks":{"criteria":{"has_logs":"2025-05-02 07:39:45 +0000"},"done":true},"minecraft:recipes/building_blocks/oak_wood":{"criteria":{"has_log":"2025-05-02 07:39:45 +0000"},"done":true},"minecraft:recipes/building_blocks/oak_slab":{"criteria":{"has_planks":"2025-05-02 07:40:02 +0000"},"done":true},"minecraft:recipes/decorations/oak_sign":{"criteria":{"has_planks":"2025-05-02 07:40:02 +0000"},"done":true},"minecraft:recipes/redstone/oak_trapdoor":{"criteria":{"has_planks":"2025-05-02 07:40:02 +0000"},"done":true},"minecraft:recipes/redstone/oak_fence_gate":{"criteria":{"has_planks":"2025-05-02 07:40:02 +0000"},"done":true},"minecraft:recipes/redstone/oak_pressure_plate":{"criteria":{"has_planks":"2025-05-02 07:40:02 +0000"},"done":true},"minecraft:recipes/redstone/oak_door":{"criteria":{"has_planks":"2025-05-02 07:40:02 +0000"},"done":true},"minecraft:recipes/misc/stick":{"criteria":{"has_planks":"2025-05-02 07:40:02 +0000"},"done":true},"minecraft:recipes/building_blocks/oak_stairs":{"criteria":{"has_planks":"2025-05-02 07:40:02 +0000"},"done":true},"minecraft:recipes/decorations/oak_fence":{"criteria":{"has_planks":"2025-05-02 07:40:02 +0000"},"done":true},"minecraft:recipes/decorations/barrel":{"criteria":{"has_planks":"2025-05-02 07:40:02 +0000"},"done":true},"minecraft:recipes/redstone/oak_button":{"criteria":{"has_planks":"2025-05-02 07:40:02 +0000"},"done":true},"minecraft:recipes/transportation/mangrove_boat":{"criteria":{"in_water":"2025-05-02 07:40:06 +0000"},"done":true},"minecraft:recipes/transportation/acacia_boat":{"criteria":{"in_water":"2025-05-02 07:40:06 +0000"},"done":true},"minecraft:recipes/transportation/cherry_boat":{"criteria":{"in_water":"2025-05-02 07:40:06 +0000"},"done":true},"minecraft:recipes/transportation/bamboo_raft":{"criteria":{"in_water":"2025-05-02 07:40:06 +0000"},"done":true},"minecraft:recipes/transportation/spruce_boat":{"criteria":{"in_water":"2025-05-02 07:40:06 +0000"},"done":true},"minecraft:recipes/transportation/birch_boat":{"criteria":{"in_water":"2025-05-02 07:40:06 +0000"},"done":true},"minecraft:recipes/transportation/oak_boat":{"criteria":{"in_water":"2025-05-02 07:40:06 +0000"},"done":true},"minecraft:recipes/transportation/jungle_boat":{"criteria":{"in_water":"2025-05-02 07:40:06 +0000"},"done":true},"minecraft:recipes/transportation/dark_oak_boat":{"criteria":{"in_water":"2025-05-02 07:40:06 +0000"},"done":true},"incendium:technical/scroll_of_returning":{"criteria":{"log_spam_fixer":"2025-05-03 05:49:52 +0000"},"done":false},"incendium:technical/sentrys_wrath":{"criteria":{"log_spam_fixer":"2025-05-03 05:49:52 +0000"},"done":false},"incendium:technical/inventory/sentrys_wrath":{"criteria":{"log_spam_fixer":"2025-05-03 05:49:52 +0000"},"done":false},"incendium:technical/multiplex_crossbow":{"criteria":{"log_spam_fixer":"2025-05-03 05:49:52 +0000"},"done":false},"incendium:technical/using/ragnarok":{"criteria":{"log_spam_fixer":"2025-05-03 05:49:52 +0000"},"done":false},"incendium:technical/feed_ghastling":{"criteria":{"log_spam_fixer":"2025-05-03 05:49:52 +0000"},"done":false},"incendium:technical/on_inventory_change":{"criteria":{"log_spam_fixer":"2025-05-03 05:49:52 +0000"},"done":false},"incendium:technical/on_player_hurt":{"criteria":{"log_spam_fixer":"2025-05-03 05:49:52 +0000"},"done":false},"incendium:technical/using/trailblazer":{"criteria":{"log_spam_fixer":"2025-05-03 05:49:52 +0000"},"done":false},"incendium:technical/firestorm":{"criteria":{"log_spam_fixer":"2025-05-03 05:49:52 +0000"},"done":false},"incendium:technical/holy_wrath":{"criteria":{"log_spam_fixer":"2025-05-03 05:49:52 +0000"},"done":false},"incendium:technical/on_block":{"criteria":{"log_spam_fixer":"2025-05-03 05:49:52 +0000"},"done":false},"incendium:technical/using/shield":{"criteria":{"log_spam_fixer":"2025-05-03 05:49:52 +0000"},"done":false},"incendium:technical/inventory/firestorm":{"criteria":{"log_spam_fixer":"2025-05-03 05:49:52 +0000"},"done":false},"incendium:technical/new_player":{"criteria":{"requirement":"2025-05-03 05:49:52 +0000"},"done":true},"incendium:technical/give_ghastling":{"criteria":{"log_spam_fixer":"2025-05-03 05:49:52 +0000"},"done":false},"incendium:technical/on_kill":{"criteria":{"log_spam_fixer":"2025-05-03 05:49:52 +0000"},"done":false},"DataVersion":4082}