{"minecraft:recipes/decorations/crafting_table":{"criteria":{"unlock_right_away":"2025-05-02 07:04:30 +0000"},"done":true},"minecraft:adventure/adventuring_time":{"criteria":{"minecraft:frozen_river":"2025-05-02 09:42:09 +0000","minecraft:forest":"2025-05-02 07:08:48 +0000","minecraft:taiga":"2025-05-02 09:47:10 +0000","minecraft:river":"2025-05-02 07:23:04 +0000","minecraft:snowy_plains":"2025-05-02 07:04:30 +0000","minecraft:snowy_taiga":"2025-05-02 09:42:20 +0000","minecraft:plains":"2025-05-02 07:08:46 +0000"},"done":false},"minecraft:recipes/building_blocks/spruce_planks":{"criteria":{"has_logs":"2025-05-02 07:08:12 +0000"},"done":true},"minecraft:recipes/misc/charcoal":{"criteria":{"has_log":"2025-05-02 07:08:12 +0000"},"done":true},"minecraft:recipes/building_blocks/spruce_wood":{"criteria":{"has_log":"2025-05-02 07:08:12 +0000"},"done":true},"minecraft:recipes/misc/iron_nugget_from_smelting":{"criteria":{"has_iron_axe":"2025-05-02 07:08:32 +0000"},"done":true},"minecraft:recipes/misc/iron_nugget_from_blasting":{"criteria":{"has_iron_axe":"2025-05-02 07:08:32 +0000"},"done":true},"minecraft:recipes/building_blocks/oak_planks":{"criteria":{"has_logs":"2025-05-02 07:08:49 +0000"},"done":true},"minecraft:recipes/building_blocks/oak_wood":{"criteria":{"has_log":"2025-05-02 07:08:49 +0000"},"done":true},"minecraft:recipes/misc/bone_meal":{"criteria":{"has_bone":"2025-05-02 07:09:27 +0000"},"done":true},"minecraft:recipes/transportation/mangrove_boat":{"criteria":{"in_water":"2025-05-02 07:18:46 +0000"},"done":true},"minecraft:recipes/transportation/acacia_boat":{"criteria":{"in_water":"2025-05-02 07:18:46 +0000"},"done":true},"minecraft:recipes/transportation/cherry_boat":{"criteria":{"in_water":"2025-05-02 07:18:46 +0000"},"done":true},"minecraft:recipes/transportation/bamboo_raft":{"criteria":{"in_water":"2025-05-02 07:18:46 +0000"},"done":true},"minecraft:recipes/transportation/spruce_boat":{"criteria":{"in_water":"2025-05-02 07:18:46 +0000"},"done":true},"minecraft:recipes/transportation/birch_boat":{"criteria":{"in_water":"2025-05-02 07:18:46 +0000"},"done":true},"minecraft:recipes/transportation/oak_boat":{"criteria":{"in_water":"2025-05-02 07:18:46 +0000"},"done":true},"minecraft:recipes/transportation/jungle_boat":{"criteria":{"in_water":"2025-05-02 07:18:46 +0000"},"done":true},"minecraft:recipes/transportation/dark_oak_boat":{"criteria":{"in_water":"2025-05-02 07:18:46 +0000"},"done":true},"minecraft:recipes/redstone/spruce_button":{"criteria":{"has_planks":"2025-05-02 07:20:17 +0000"},"done":true},"minecraft:recipes/redstone/spruce_pressure_plate":{"criteria":{"has_planks":"2025-05-02 07:20:17 +0000"},"done":true},"minecraft:recipes/decorations/spruce_sign":{"criteria":{"has_planks":"2025-05-02 07:20:17 +0000"},"done":true},"minecraft:recipes/redstone/spruce_trapdoor":{"criteria":{"has_planks":"2025-05-02 07:20:17 +0000"},"done":true},"minecraft:recipes/redstone/spruce_door":{"criteria":{"has_planks":"2025-05-02 07:20:17 +0000"},"done":true},"minecraft:recipes/redstone/spruce_fence_gate":{"criteria":{"has_planks":"2025-05-02 07:20:17 +0000"},"done":true},"minecraft:recipes/misc/stick":{"criteria":{"has_planks":"2025-05-02 07:20:17 +0000"},"done":true},"minecraft:recipes/decorations/barrel":{"criteria":{"has_planks":"2025-05-02 07:20:17 +0000"},"done":true},"minecraft:recipes/decorations/spruce_fence":{"criteria":{"has_planks":"2025-05-02 07:20:17 +0000"},"done":true},"minecraft:recipes/building_blocks/spruce_stairs":{"criteria":{"has_planks":"2025-05-02 07:20:17 +0000"},"done":true},"minecraft:recipes/building_blocks/spruce_slab":{"criteria":{"has_planks":"2025-05-02 07:20:17 +0000"},"done":true},"minecraft:story/root":{"criteria":{"crafting_table":"2025-05-02 07:20:19 +0000"},"done":true},"minecraft:recipes/decorations/ladder":{"criteria":{"has_stick":"2025-05-02 07:20:23 +0000"},"done":true},"minecraft:recipes/decorations/campfire":{"criteria":{"has_stick":"2025-05-02 07:20:23 +0000"},"done":true},"minecraft:recipes/tools/wooden_hoe":{"criteria":{"has_stick":"2025-05-02 07:20:23 +0000"},"done":true},"minecraft:recipes/tools/wooden_pickaxe":{"criteria":{"has_stick":"2025-05-02 07:20:23 +0000"},"done":true},"minecraft:recipes/tools/wooden_axe":{"criteria":{"has_stick":"2025-05-02 07:20:23 +0000"},"done":true},"minecraft:recipes/tools/wooden_shovel":{"criteria":{"has_stick":"2025-05-02 07:20:23 +0000"},"done":true},"minecraft:recipes/combat/wooden_sword":{"criteria":{"has_stick":"2025-05-02 07:20:23 +0000"},"done":true},"minecraft:recipes/building_blocks/oak_slab":{"criteria":{"has_planks":"2025-05-02 07:21:57 +0000"},"done":true},"minecraft:recipes/decorations/oak_sign":{"criteria":{"has_planks":"2025-05-02 07:21:57 +0000"},"done":true},"minecraft:recipes/redstone/oak_trapdoor":{"criteria":{"has_planks":"2025-05-02 07:21:57 +0000"},"done":true},"minecraft:recipes/redstone/oak_fence_gate":{"criteria":{"has_planks":"2025-05-02 07:21:57 +0000"},"done":true},"minecraft:recipes/redstone/oak_pressure_plate":{"criteria":{"has_planks":"2025-05-02 07:21:57 +0000"},"done":true},"minecraft:recipes/redstone/oak_door":{"criteria":{"has_planks":"2025-05-02 07:21:57 +0000"},"done":true},"minecraft:recipes/building_blocks/oak_stairs":{"criteria":{"has_planks":"2025-05-02 07:21:57 +0000"},"done":true},"minecraft:recipes/decorations/oak_fence":{"criteria":{"has_planks":"2025-05-02 07:21:57 +0000"},"done":true},"minecraft:recipes/redstone/oak_button":{"criteria":{"has_planks":"2025-05-02 07:21:57 +0000"},"done":true},"minecraft:recipes/redstone/lever":{"criteria":{"has_cobblestone":"2025-05-02 07:35:06 +0000"},"done":true},"minecraft:recipes/combat/stone_sword":{"criteria":{"has_cobblestone":"2025-05-02 07:35:06 +0000"},"done":true},"minecraft:recipes/decorations/cobblestone_wall":{"criteria":{"has_cobblestone":"2025-05-02 07:35:06 +0000"},"done":true},"minecraft:recipes/tools/stone_pickaxe":{"criteria":{"has_cobblestone":"2025-05-02 07:35:06 +0000"},"done":true},"minecraft:recipes/tools/stone_axe":{"criteria":{"has_cobblestone":"2025-05-02 07:35:06 +0000"},"done":true},"minecraft:story/mine_stone":{"criteria":{"get_stone":"2025-05-02 07:35:06 +0000"},"done":true},"minecraft:recipes/decorations/furnace":{"criteria":{"has_cobblestone":"2025-05-02 07:35:06 +0000"},"done":true},"minecraft:recipes/building_blocks/cobblestone_slab":{"criteria":{"has_cobblestone":"2025-05-02 07:35:06 +0000"},"done":true},"minecraft:recipes/building_blocks/cobblestone_slab_from_cobblestone_stonecutting":{"criteria":{"has_cobblestone":"2025-05-02 07:35:06 +0000"},"done":true},"minecraft:recipes/building_blocks/stone":{"criteria":{"has_cobblestone":"2025-05-02 07:35:06 +0000"},"done":true},"minecraft:recipes/decorations/cobblestone_wall_from_cobblestone_stonecutting":{"criteria":{"has_cobblestone":"2025-05-02 07:35:06 +0000"},"done":true},"minecraft:recipes/building_blocks/cobblestone_stairs_from_cobblestone_stonecutting":{"criteria":{"has_cobblestone":"2025-05-02 07:35:06 +0000"},"done":true},"minecraft:recipes/building_blocks/cobblestone_stairs":{"criteria":{"has_cobblestone":"2025-05-02 07:35:06 +0000"},"done":true},"minecraft:recipes/tools/stone_hoe":{"criteria":{"has_cobblestone":"2025-05-02 07:35:06 +0000"},"done":true},"minecraft:recipes/tools/stone_shovel":{"criteria":{"has_cobblestone":"2025-05-02 07:35:06 +0000"},"done":true},"minecraft:recipes/food/cake":{"criteria":{"has_egg":"2025-05-02 07:37:11 +0000"},"done":true},"minecraft:recipes/decorations/chest":{"criteria":{"has_lots_of_items":"2025-05-02 07:37:11 +0000"},"done":true},"minecraft:recipes/food/cooked_chicken_from_campfire_cooking":{"criteria":{"has_chicken":"2025-05-02 07:37:18 +0000"},"done":true},"minecraft:recipes/food/cooked_chicken":{"criteria":{"has_chicken":"2025-05-02 07:37:18 +0000"},"done":true},"minecraft:recipes/food/cooked_chicken_from_smoking":{"criteria":{"has_chicken":"2025-05-02 07:37:18 +0000"},"done":true},"minecraft:adventure/root":{"criteria":{"killed_something":"2025-05-02 07:37:18 +0000"},"done":true},"minecraft:recipes/combat/leather_helmet":{"criteria":{"has_leather":"2025-05-02 07:38:09 +0000"},"done":true},"minecraft:recipes/combat/leather_leggings":{"criteria":{"has_leather":"2025-05-02 07:38:09 +0000"},"done":true},"minecraft:recipes/decorations/item_frame":{"criteria":{"has_leather":"2025-05-02 07:38:09 +0000"},"done":true},"minecraft:recipes/combat/leather_chestplate":{"criteria":{"has_leather":"2025-05-02 07:38:09 +0000"},"done":true},"minecraft:recipes/combat/leather_boots":{"criteria":{"has_leather":"2025-05-02 07:38:09 +0000"},"done":true},"minecraft:recipes/misc/leather_horse_armor":{"criteria":{"has_leather":"2025-05-02 07:38:09 +0000"},"done":true},"minecraft:recipes/food/cooked_beef_from_smoking":{"criteria":{"has_beef":"2025-05-02 07:38:10 +0000"},"done":true},"minecraft:recipes/food/cooked_beef":{"criteria":{"has_beef":"2025-05-02 07:38:10 +0000"},"done":true},"minecraft:recipes/food/cooked_beef_from_campfire_cooking":{"criteria":{"has_beef":"2025-05-02 07:38:10 +0000"},"done":true},"minecraft:recipes/food/cooked_mutton_from_smoking":{"criteria":{"has_mutton":"2025-05-02 07:38:16 +0000"},"done":true},"minecraft:recipes/food/cooked_mutton":{"criteria":{"has_mutton":"2025-05-02 07:38:16 +0000"},"done":true},"minecraft:recipes/decorations/white_banner":{"criteria":{"has_white_wool":"2025-05-02 07:38:16 +0000"},"done":true},"minecraft:recipes/decorations/painting":{"criteria":{"has_wool":"2025-05-02 07:38:16 +0000"},"done":true},"minecraft:recipes/food/cooked_mutton_from_campfire_cooking":{"criteria":{"has_mutton":"2025-05-02 07:38:16 +0000"},"done":true},"minecraft:recipes/decorations/white_bed":{"criteria":{"has_white_wool":"2025-05-02 07:38:16 +0000"},"done":true},"minecraft:recipes/decorations/white_carpet":{"criteria":{"has_white_wool":"2025-05-02 07:38:16 +0000"},"done":true},"minecraft:recipes/combat/arrow":{"criteria":{"has_feather":"2025-05-02 07:38:29 +0000"},"done":true},"minecraft:adventure/sleep_in_bed":{"criteria":{"slept_in_bed":"2025-05-02 07:39:02 +0000"},"done":true},"minecraft:husbandry/balanced_diet":{"criteria":{"cooked_porkchop":"2025-05-02 07:52:39 +0000","mutton":"2025-05-02 07:40:20 +0000","cooked_chicken":"2025-05-02 07:42:22 +0000","cooked_mutton":"2025-05-02 07:40:55 +0000","baked_potato":"2025-05-02 09:13:24 +0000"},"done":false},"minecraft:husbandry/root":{"criteria":{"consumed_item":"2025-05-02 07:40:20 +0000"},"done":true},"minecraft:recipes/food/cooked_porkchop":{"criteria":{"has_porkchop":"2025-05-02 07:40:28 +0000"},"done":true},"minecraft:recipes/food/cooked_porkchop_from_campfire_cooking":{"criteria":{"has_porkchop":"2025-05-02 07:40:28 +0000"},"done":true},"minecraft:recipes/food/cooked_porkchop_from_smoking":{"criteria":{"has_porkchop":"2025-05-02 07:40:28 +0000"},"done":true},"minecraft:adventure/kill_all_mobs":{"criteria":{"minecraft:skeleton":"2025-05-02 08:15:21 +0000","minecraft:piglin":"2025-05-02 09:56:20 +0000","minecraft:enderman":"2025-05-02 10:01:48 +0000","minecraft:spider":"2025-05-02 07:41:09 +0000","minecraft:zombie":"2025-05-02 07:41:34 +0000","minecraft:creeper":"2025-05-02 08:27:09 +0000"},"done":false},"minecraft:adventure/kill_a_mob":{"criteria":{"minecraft:spider":"2025-05-02 07:41:09 +0000"},"done":true},"minecraft:recipes/brewing/fermented_spider_eye":{"criteria":{"has_spider_eye":"2025-05-02 07:41:10 +0000"},"done":true},"minecraft:recipes/combat/bow":{"criteria":{"has_string":"2025-05-02 07:41:10 +0000"},"done":true},"minecraft:recipes/tools/fishing_rod":{"criteria":{"has_string":"2025-05-02 07:41:10 +0000"},"done":true},"minecraft:recipes/building_blocks/white_wool_from_string":{"criteria":{"has_string":"2025-05-02 07:41:10 +0000"},"done":true},"minecraft:recipes/redstone/tripwire_hook":{"criteria":{"has_string":"2025-05-02 07:41:10 +0000"},"done":true},"minecraft:recipes/combat/crossbow":{"criteria":{"has_string":"2025-05-02 07:41:10 +0000"},"done":true},"minecraft:recipes/decorations/candle":{"criteria":{"has_string":"2025-05-02 07:41:10 +0000"},"done":true},"minecraft:recipes/decorations/loom":{"criteria":{"has_string":"2025-05-02 07:41:10 +0000"},"done":true},"minecraft:recipes/tools/bundle":{"criteria":{"has_string":"2025-05-02 07:41:10 +0000"},"done":true},"minecraft:recipes/combat/iron_sword":{"criteria":{"has_iron_ingot":"2025-05-02 07:42:01 +0000"},"done":true},"minecraft:recipes/tools/iron_pickaxe":{"criteria":{"has_iron_ingot":"2025-05-02 07:42:01 +0000"},"done":true},"minecraft:recipes/combat/iron_leggings":{"criteria":{"has_iron_ingot":"2025-05-02 07:42:01 +0000"},"done":true},"minecraft:recipes/combat/shield":{"criteria":{"has_iron_ingot":"2025-05-02 07:42:01 +0000"},"done":true},"minecraft:recipes/redstone/hopper":{"criteria":{"has_iron_ingot":"2025-05-02 07:42:01 +0000"},"done":true},"minecraft:recipes/decorations/iron_bars":{"criteria":{"has_iron_ingot":"2025-05-02 07:42:01 +0000"},"done":true},"minecraft:recipes/combat/iron_boots":{"criteria":{"has_iron_ingot":"2025-05-02 07:42:01 +0000"},"done":true},"minecraft:recipes/combat/iron_chestplate":{"criteria":{"has_iron_ingot":"2025-05-02 07:42:01 +0000"},"done":true},"minecraft:recipes/decorations/lantern":{"criteria":{"has_iron_ingot":"2025-05-02 07:42:01 +0000"},"done":true},"minecraft:recipes/misc/iron_nugget":{"criteria":{"has_iron_ingot":"2025-05-02 07:42:01 +0000"},"done":true},"minecraft:recipes/misc/bucket":{"criteria":{"has_iron_ingot":"2025-05-02 07:42:01 +0000"},"done":true},"minecraft:recipes/combat/iron_helmet":{"criteria":{"has_iron_ingot":"2025-05-02 07:42:01 +0000"},"done":true},"minecraft:recipes/transportation/minecart":{"criteria":{"has_iron_ingot":"2025-05-02 07:42:01 +0000"},"done":true},"minecraft:recipes/tools/iron_hoe":{"criteria":{"has_iron_ingot":"2025-05-02 07:42:01 +0000"},"done":true},"minecraft:recipes/tools/iron_shovel":{"criteria":{"has_iron_ingot":"2025-05-02 07:42:01 +0000"},"done":true},"minecraft:story/smelt_iron":{"criteria":{"iron":"2025-05-02 07:42:01 +0000"},"done":true},"minecraft:recipes/tools/shears":{"criteria":{"has_iron_ingot":"2025-05-02 07:42:01 +0000"},"done":true},"minecraft:recipes/redstone/iron_trapdoor":{"criteria":{"has_iron_ingot":"2025-05-02 07:42:01 +0000"},"done":true},"minecraft:recipes/decorations/chain":{"criteria":{"has_iron_ingot":"2025-05-02 07:42:01 +0000"},"done":true},"minecraft:recipes/building_blocks/iron_block":{"criteria":{"has_iron_ingot":"2025-05-02 07:42:01 +0000"},"done":true},"minecraft:recipes/tools/iron_axe":{"criteria":{"has_iron_ingot":"2025-05-02 07:42:01 +0000"},"done":true},"minecraft:recipes/decorations/smithing_table":{"criteria":{"has_iron_ingot":"2025-05-02 07:42:01 +0000"},"done":true},"minecraft:recipes/redstone/iron_door":{"criteria":{"has_iron_ingot":"2025-05-02 07:42:01 +0000"},"done":true},"minecraft:recipes/redstone/heavy_weighted_pressure_plate":{"criteria":{"has_iron_ingot":"2025-05-02 07:42:01 +0000"},"done":true},"minecraft:recipes/building_blocks/stripped_oak_wood":{"criteria":{"has_log":"2025-05-02 07:42:04 +0000"},"done":true},"minecraft:recipes/decorations/oak_hanging_sign":{"criteria":{"has_stripped_logs":"2025-05-02 07:42:04 +0000"},"done":true},"minecraft:recipes/food/suspicious_stew_from_dandelion":{"criteria":{"has_dandelion":"2025-05-02 07:42:30 +0000"},"done":true},"minecraft:recipes/misc/yellow_dye_from_dandelion":{"criteria":{"has_dandelion":"2025-05-02 07:42:30 +0000"},"done":true},"minecraft:recipes/food/suspicious_stew_from_poppy":{"criteria":{"has_poppy":"2025-05-02 07:43:54 +0000"},"done":true},"minecraft:recipes/misc/red_dye_from_poppy":{"criteria":{"has_poppy":"2025-05-02 07:43:54 +0000"},"done":true},"minecraft:recipes/transportation/dark_oak_chest_boat":{"criteria":{"has_boat":"2025-05-02 07:45:09 +0000"},"done":true},"minecraft:recipes/transportation/bamboo_chest_raft":{"criteria":{"has_boat":"2025-05-02 07:45:09 +0000"},"done":true},"minecraft:recipes/transportation/spruce_chest_boat":{"criteria":{"has_boat":"2025-05-02 07:45:09 +0000"},"done":true},"minecraft:recipes/transportation/jungle_chest_boat":{"criteria":{"has_boat":"2025-05-02 07:45:09 +0000"},"done":true},"minecraft:recipes/transportation/acacia_chest_boat":{"criteria":{"has_boat":"2025-05-02 07:45:09 +0000"},"done":true},"minecraft:recipes/transportation/mangrove_chest_boat":{"criteria":{"has_boat":"2025-05-02 07:45:09 +0000"},"done":true},"minecraft:recipes/transportation/oak_chest_boat":{"criteria":{"has_boat":"2025-05-02 07:45:09 +0000"},"done":true},"minecraft:recipes/transportation/cherry_chest_boat":{"criteria":{"has_boat":"2025-05-02 07:45:09 +0000"},"done":true},"minecraft:recipes/transportation/birch_chest_boat":{"criteria":{"has_boat":"2025-05-02 07:45:09 +0000"},"done":true},"minecraft:recipes/brewing/cauldron":{"criteria":{"has_water_bucket":"2025-05-02 07:45:18 +0000"},"done":true},"minecraft:recipes/food/suspicious_stew_from_cornflower":{"criteria":{"has_cornflower":"2025-05-02 07:47:11 +0000"},"done":true},"minecraft:recipes/misc/blue_dye_from_cornflower":{"criteria":{"has_cornflower":"2025-05-02 07:47:11 +0000"},"done":true},"minecraft:husbandry/plant_seed":{"criteria":{"wheat":"2025-05-02 07:50:08 +0000"},"done":true},"minecraft:story/iron_tools":{"criteria":{"iron_pickaxe":"2025-05-02 07:52:10 +0000"},"done":true},"minecraft:recipes/decorations/mossy_cobblestone_wall":{"criteria":{"has_mossy_cobblestone":"2025-05-02 07:53:11 +0000"},"done":true},"minecraft:recipes/building_blocks/mossy_cobblestone_slab_from_mossy_cobblestone_stonecutting":{"criteria":{"has_mossy_cobblestone":"2025-05-02 07:53:11 +0000"},"done":true},"minecraft:recipes/building_blocks/mossy_cobblestone_stairs_from_mossy_cobblestone_stonecutting":{"criteria":{"has_mossy_cobblestone":"2025-05-02 07:53:11 +0000"},"done":true},"minecraft:recipes/decorations/mossy_cobblestone_wall_from_mossy_cobblestone_stonecutting":{"criteria":{"has_mossy_cobblestone":"2025-05-02 07:53:11 +0000"},"done":true},"minecraft:recipes/building_blocks/mossy_cobblestone_slab":{"criteria":{"has_mossy_cobblestone":"2025-05-02 07:53:11 +0000"},"done":true},"minecraft:recipes/building_blocks/mossy_cobblestone_stairs":{"criteria":{"has_mossy_cobblestone":"2025-05-02 07:53:11 +0000"},"done":true},"minecraft:recipes/building_blocks/coal_block":{"criteria":{"has_coal":"2025-05-02 07:55:13 +0000"},"done":true},"minecraft:recipes/decorations/torch":{"criteria":{"has_the_recipe":"2025-05-02 07:59:39 +0000"},"done":true},"minecraft:recipes/building_blocks/diorite_stairs_from_diorite_stonecutting":{"criteria":{"has_diorite":"2025-05-02 08:10:25 +0000"},"done":true},"minecraft:recipes/building_blocks/polished_diorite":{"criteria":{"has_diorite":"2025-05-02 08:10:25 +0000"},"done":true},"minecraft:recipes/building_blocks/diorite_slab":{"criteria":{"has_diorite":"2025-05-02 08:10:25 +0000"},"done":true},"minecraft:recipes/decorations/diorite_wall_from_diorite_stonecutting":{"criteria":{"has_diorite":"2025-05-02 08:10:25 +0000"},"done":true},"minecraft:recipes/building_blocks/andesite":{"criteria":{"has_stone":"2025-05-02 08:10:25 +0000"},"done":true},"minecraft:recipes/building_blocks/polished_diorite_from_diorite_stonecutting":{"criteria":{"has_diorite":"2025-05-02 08:10:25 +0000"},"done":true},"minecraft:recipes/decorations/diorite_wall":{"criteria":{"has_diorite":"2025-05-02 08:10:25 +0000"},"done":true},"minecraft:recipes/building_blocks/diorite_slab_from_diorite_stonecutting":{"criteria":{"has_diorite":"2025-05-02 08:10:25 +0000"},"done":true},"minecraft:recipes/building_blocks/polished_diorite_slab_from_diorite_stonecutting":{"criteria":{"has_diorite":"2025-05-02 08:10:25 +0000"},"done":true},"minecraft:recipes/building_blocks/polished_diorite_stairs_from_diorite_stonecutting":{"criteria":{"has_diorite":"2025-05-02 08:10:25 +0000"},"done":true},"minecraft:recipes/building_blocks/diorite_stairs":{"criteria":{"has_diorite":"2025-05-02 08:10:25 +0000"},"done":true},"minecraft:recipes/building_blocks/andesite_stairs_from_andesite_stonecutting":{"criteria":{"has_andesite":"2025-05-02 08:10:48 +0000"},"done":true},"minecraft:recipes/building_blocks/andesite_stairs":{"criteria":{"has_andesite":"2025-05-02 08:10:48 +0000"},"done":true},"minecraft:recipes/building_blocks/polished_andesite_from_andesite_stonecutting":{"criteria":{"has_andesite":"2025-05-02 08:10:48 +0000"},"done":true},"minecraft:recipes/building_blocks/polished_andesite":{"criteria":{"has_andesite":"2025-05-02 08:10:48 +0000"},"done":true},"minecraft:recipes/decorations/andesite_wall_from_andesite_stonecutting":{"criteria":{"has_andesite":"2025-05-02 08:10:48 +0000"},"done":true},"minecraft:recipes/building_blocks/polished_andesite_slab_from_andesite_stonecutting":{"criteria":{"has_andesite":"2025-05-02 08:10:48 +0000"},"done":true},"minecraft:recipes/decorations/andesite_wall":{"criteria":{"has_andesite":"2025-05-02 08:10:48 +0000"},"done":true},"minecraft:recipes/building_blocks/andesite_slab":{"criteria":{"has_andesite":"2025-05-02 08:10:48 +0000"},"done":true},"minecraft:recipes/building_blocks/polished_andesite_stairs_from_andesite_stonecutting":{"criteria":{"has_andesite":"2025-05-02 08:10:48 +0000"},"done":true},"minecraft:recipes/building_blocks/andesite_slab_from_andesite_stonecutting":{"criteria":{"has_andesite":"2025-05-02 08:10:48 +0000"},"done":true},"minecraft:recipes/misc/gold_ingot_from_smelting_raw_gold":{"criteria":{"has_raw_gold":"2025-05-02 08:11:09 +0000"},"done":true},"minecraft:recipes/building_blocks/raw_gold_block":{"criteria":{"has_raw_gold":"2025-05-02 08:11:09 +0000"},"done":true},"minecraft:recipes/misc/gold_ingot_from_blasting_raw_gold":{"criteria":{"has_raw_gold":"2025-05-02 08:11:09 +0000"},"done":true},"minecraft:recipes/misc/iron_ingot_from_smelting_raw_iron":{"criteria":{"has_raw_iron":"2025-05-02 08:11:10 +0000"},"done":true},"minecraft:recipes/building_blocks/raw_iron_block":{"criteria":{"has_raw_iron":"2025-05-02 08:11:10 +0000"},"done":true},"minecraft:recipes/misc/iron_ingot_from_blasting_raw_iron":{"criteria":{"has_raw_iron":"2025-05-02 08:11:10 +0000"},"done":true},"minecraft:story/upgrade_tools":{"criteria":{"stone_pickaxe":"2025-05-02 08:12:58 +0000"},"done":true},"minecraft:recipes/decorations/smoker":{"criteria":{"has_furnace":"2025-05-02 08:13:38 +0000"},"done":true},"minecraft:recipes/building_blocks/polished_deepslate":{"criteria":{"has_cobbled_deepslate":"2025-05-02 08:15:22 +0000"},"done":true},"minecraft:recipes/building_blocks/deepslate_tile_stairs_from_cobbled_deepslate_stonecutting":{"criteria":{"has_cobbled_deepslate":"2025-05-02 08:15:22 +0000"},"done":true},"minecraft:recipes/decorations/deepslate_brick_wall_from_cobbled_deepslate_stonecutting":{"criteria":{"has_cobbled_deepslate":"2025-05-02 08:15:22 +0000"},"done":true},"minecraft:recipes/building_blocks/polished_deepslate_from_cobbled_deepslate_stonecutting":{"criteria":{"has_cobbled_deepslate":"2025-05-02 08:15:22 +0000"},"done":true},"minecraft:recipes/building_blocks/polished_deepslate_slab_from_cobbled_deepslate_stonecutting":{"criteria":{"has_cobbled_deepslate":"2025-05-02 08:15:22 +0000"},"done":true},"minecraft:recipes/building_blocks/deepslate_brick_stairs_from_cobbled_deepslate_stonecutting":{"criteria":{"has_cobbled_deepslate":"2025-05-02 08:15:22 +0000"},"done":true},"minecraft:recipes/building_blocks/deepslate_brick_slab_from_cobbled_deepslate_stonecutting":{"criteria":{"has_cobbled_deepslate":"2025-05-02 08:15:22 +0000"},"done":true},"minecraft:recipes/building_blocks/cobbled_deepslate_slab_from_cobbled_deepslate_stonecutting":{"criteria":{"has_cobbled_deepslate":"2025-05-02 08:15:22 +0000"},"done":true},"minecraft:recipes/building_blocks/deepslate_tile_slab_from_cobbled_deepslate_stonecutting":{"criteria":{"has_cobbled_deepslate":"2025-05-02 08:15:22 +0000"},"done":true},"minecraft:recipes/building_blocks/cobbled_deepslate_stairs":{"criteria":{"has_cobbled_deepslate":"2025-05-02 08:15:22 +0000"},"done":true},"minecraft:recipes/building_blocks/chiseled_deepslate_from_cobbled_deepslate_stonecutting":{"criteria":{"has_cobbled_deepslate":"2025-05-02 08:15:22 +0000"},"done":true},"minecraft:recipes/building_blocks/cobbled_deepslate_slab":{"criteria":{"has_cobbled_deepslate":"2025-05-02 08:15:22 +0000"},"done":true},"minecraft:recipes/decorations/cobbled_deepslate_wall_from_cobbled_deepslate_stonecutting":{"criteria":{"has_cobbled_deepslate":"2025-05-02 08:15:22 +0000"},"done":true},"minecraft:recipes/decorations/deepslate_tile_wall_from_cobbled_deepslate_stonecutting":{"criteria":{"has_cobbled_deepslate":"2025-05-02 08:15:22 +0000"},"done":true},"minecraft:recipes/decorations/cobbled_deepslate_wall":{"criteria":{"has_cobbled_deepslate":"2025-05-02 08:15:22 +0000"},"done":true},"minecraft:recipes/decorations/polished_deepslate_wall_from_cobbled_deepslate_stonecutting":{"criteria":{"has_cobbled_deepslate":"2025-05-02 08:15:22 +0000"},"done":true},"minecraft:recipes/building_blocks/deepslate_bricks_from_cobbled_deepslate_stonecutting":{"criteria":{"has_cobbled_deepslate":"2025-05-02 08:15:22 +0000"},"done":true},"minecraft:recipes/building_blocks/deepslate_tiles_from_cobbled_deepslate_stonecutting":{"criteria":{"has_cobbled_deepslate":"2025-05-02 08:15:22 +0000"},"done":true},"minecraft:recipes/building_blocks/cobbled_deepslate_stairs_from_cobbled_deepslate_stonecutting":{"criteria":{"has_cobbled_deepslate":"2025-05-02 08:15:22 +0000"},"done":true},"minecraft:recipes/building_blocks/deepslate":{"criteria":{"has_cobbled_deepslate":"2025-05-02 08:15:22 +0000"},"done":true},"minecraft:recipes/building_blocks/polished_deepslate_stairs_from_cobbled_deepslate_stonecutting":{"criteria":{"has_cobbled_deepslate":"2025-05-02 08:15:22 +0000"},"done":true},"minecraft:recipes/decorations/fletching_table":{"criteria":{"has_flint":"2025-05-02 08:15:32 +0000"},"done":true},"minecraft:recipes/tools/flint_and_steel":{"criteria":{"has_flint":"2025-05-02 08:15:32 +0000"},"done":true},"minecraft:recipes/building_blocks/granite_stairs":{"criteria":{"has_granite":"2025-05-02 08:15:40 +0000"},"done":true},"minecraft:recipes/building_blocks/granite_stairs_from_granite_stonecutting":{"criteria":{"has_granite":"2025-05-02 08:15:40 +0000"},"done":true},"minecraft:recipes/decorations/granite_wall":{"criteria":{"has_granite":"2025-05-02 08:15:40 +0000"},"done":true},"minecraft:recipes/building_blocks/polished_granite_slab_from_granite_stonecutting":{"criteria":{"has_granite":"2025-05-02 08:15:40 +0000"},"done":true},"minecraft:recipes/building_blocks/granite_slab_from_granite_stonecutting":{"criteria":{"has_granite":"2025-05-02 08:15:40 +0000"},"done":true},"minecraft:recipes/building_blocks/polished_granite":{"criteria":{"has_granite":"2025-05-02 08:15:40 +0000"},"done":true},"minecraft:recipes/decorations/granite_wall_from_granite_stonecutting":{"criteria":{"has_granite":"2025-05-02 08:15:40 +0000"},"done":true},"minecraft:recipes/building_blocks/polished_granite_from_granite_stonecutting":{"criteria":{"has_granite":"2025-05-02 08:15:40 +0000"},"done":true},"minecraft:recipes/building_blocks/granite_slab":{"criteria":{"has_granite":"2025-05-02 08:15:40 +0000"},"done":true},"minecraft:recipes/building_blocks/polished_granite_stairs_from_granite_stonecutting":{"criteria":{"has_granite":"2025-05-02 08:15:40 +0000"},"done":true},"minecraft:recipes/misc/blue_dye":{"criteria":{"has_lapis_lazuli":"2025-05-02 08:16:30 +0000"},"done":true},"minecraft:recipes/building_blocks/lapis_block":{"criteria":{"has_lapis_lazuli":"2025-05-02 08:16:30 +0000"},"done":true},"minecraft:recipes/misc/copper_ingot_from_blasting_raw_copper":{"criteria":{"has_raw_copper":"2025-05-02 08:25:02 +0000"},"done":true},"minecraft:recipes/building_blocks/raw_copper_block":{"criteria":{"has_raw_copper":"2025-05-02 08:25:02 +0000"},"done":true},"minecraft:recipes/misc/copper_ingot_from_smelting_raw_copper":{"criteria":{"has_raw_copper":"2025-05-02 08:25:02 +0000"},"done":true},"minecraft:recipes/misc/firework_rocket_simple":{"criteria":{"has_gunpowder":"2025-05-02 08:27:11 +0000"},"done":true},"minecraft:recipes/redstone/tnt":{"criteria":{"has_gunpowder":"2025-05-02 08:27:11 +0000"},"done":true},"minecraft:recipes/food/baked_potato_from_campfire_cooking":{"criteria":{"has_potato":"2025-05-02 08:31:40 +0000"},"done":true},"minecraft:recipes/food/baked_potato_from_smoking":{"criteria":{"has_potato":"2025-05-02 08:31:40 +0000"},"done":true},"minecraft:recipes/food/baked_potato":{"criteria":{"has_potato":"2025-05-02 08:31:40 +0000"},"done":true},"minecraft:recipes/food/bread":{"criteria":{"has_wheat":"2025-05-02 08:31:53 +0000"},"done":true},"minecraft:recipes/building_blocks/hay_block":{"criteria":{"has_wheat":"2025-05-02 08:31:53 +0000"},"done":true},"minecraft:story/obtain_armor":{"criteria":{"iron_chestplate":"2025-05-02 09:13:08 +0000"},"done":true},"minecraft:husbandry/tame_an_animal":{"criteria":{"tamed_animal":"2025-05-02 09:18:48 +0000"},"done":true},"minecraft:recipes/building_blocks/smooth_basalt":{"criteria":{"has_basalt":"2025-05-02 09:58:37 +0000"},"done":true},"minecraft:recipes/decorations/black_bed":{"criteria":{"has_black_wool":"2025-05-02 09:41:39 +0000"},"done":true},"minecraft:recipes/building_blocks/blackstone_stairs":{"criteria":{"has_blackstone":"2025-05-02 10:02:15 +0000"},"done":true},"minecraft:recipes/building_blocks/blackstone_slab_from_blackstone_stonecutting":{"criteria":{"has_blackstone":"2025-05-02 10:02:15 +0000"},"done":true},"minecraft:recipes/decorations/polished_blackstone_brick_wall_from_blackstone_stonecutting":{"criteria":{"has_blackstone":"2025-05-02 10:02:15 +0000"},"done":true},"minecraft:recipes/building_blocks/polished_blackstone_slab_from_blackstone_stonecutting":{"criteria":{"has_blackstone":"2025-05-02 10:02:15 +0000"},"done":true},"minecraft:nether/explore_nether":{"criteria":{"minecraft:nether_wastes":"2025-05-02 09:54:14 +0000","minecraft:soul_sand_valley":"2025-05-02 09:56:59 +0000","minecraft:basalt_deltas":"2025-05-02 09:54:29 +0000"},"done":false},"minecraft:nether/root":{"criteria":{"entered_nether":"2025-05-02 09:54:13 +0000"},"done":true},"minecraft:recipes/building_blocks/polished_blackstone":{"criteria":{"has_blackstone":"2025-05-02 10:02:15 +0000"},"done":true},"minecraft:story/enter_the_nether":{"criteria":{"entered_nether":"2025-05-02 09:54:13 +0000"},"done":true},"minecraft:recipes/misc/gold_ingot_from_nuggets":{"criteria":{"has_gold_nugget":"2025-05-02 09:57:35 +0000"},"done":true},"minecraft:recipes/decorations/black_carpet":{"criteria":{"has_black_wool":"2025-05-02 09:41:39 +0000"},"done":true},"minecraft:recipes/decorations/blackstone_wall":{"criteria":{"has_blackstone":"2025-05-02 10:02:15 +0000"},"done":true},"minecraft:recipes/building_blocks/blackstone_slab":{"criteria":{"has_blackstone":"2025-05-02 10:02:15 +0000"},"done":true},"minecraft:story/form_obsidian":{"criteria":{"obsidian":"2025-05-02 09:37:32 +0000"},"done":true},"minecraft:recipes/building_blocks/polished_blackstone_brick_slab_from_blackstone_stonecutting":{"criteria":{"has_blackstone":"2025-05-02 10:02:15 +0000"},"done":true},"minecraft:recipes/decorations/soul_campfire":{"criteria":{"has_soul_sand":"2025-05-02 10:01:39 +0000"},"done":true},"minecraft:recipes/redstone/dispenser":{"criteria":{"has_bow":"2025-05-02 09:38:59 +0000"},"done":true},"minecraft:recipes/brewing/golden_carrot":{"criteria":{"has_gold_nugget":"2025-05-02 09:57:35 +0000"},"done":true},"minecraft:recipes/building_blocks/polished_blackstone_from_blackstone_stonecutting":{"criteria":{"has_blackstone":"2025-05-02 10:02:15 +0000"},"done":true},"minecraft:recipes/building_blocks/polished_basalt_from_basalt_stonecutting":{"criteria":{"has_basalt":"2025-05-02 09:58:37 +0000"},"done":true},"minecraft:recipes/building_blocks/polished_blackstone_brick_stairs_from_blackstone_stonecutting":{"criteria":{"has_blackstone":"2025-05-02 10:02:15 +0000"},"done":true},"minecraft:recipes/building_blocks/polished_blackstone_bricks_from_blackstone_stonecutting":{"criteria":{"has_blackstone":"2025-05-02 10:02:15 +0000"},"done":true},"minecraft:recipes/decorations/blackstone_wall_from_blackstone_stonecutting":{"criteria":{"has_blackstone":"2025-05-02 10:02:15 +0000"},"done":true},"minecraft:recipes/decorations/black_banner":{"criteria":{"has_black_wool":"2025-05-02 09:41:39 +0000"},"done":true},"minecraft:recipes/decorations/soul_torch":{"criteria":{"has_soul_sand":"2025-05-02 10:01:39 +0000"},"done":true},"minecraft:recipes/building_blocks/polished_blackstone_stairs_from_blackstone_stonecutting":{"criteria":{"has_blackstone":"2025-05-02 10:02:15 +0000"},"done":true},"minecraft:recipes/decorations/enchanting_table":{"criteria":{"has_obsidian":"2025-05-02 09:37:32 +0000"},"done":true},"minecraft:recipes/misc/nether_brick":{"criteria":{"has_netherrack":"2025-05-02 09:56:11 +0000"},"done":true},"minecraft:recipes/decorations/polished_blackstone_wall_from_blackstone_stonecutting":{"criteria":{"has_blackstone":"2025-05-02 10:02:15 +0000"},"done":true},"minecraft:recipes/building_blocks/polished_basalt":{"criteria":{"has_basalt":"2025-05-02 09:58:37 +0000"},"done":true},"minecraft:recipes/building_blocks/chiseled_polished_blackstone_from_blackstone_stonecutting":{"criteria":{"has_blackstone":"2025-05-02 10:02:15 +0000"},"done":true},"minecraft:recipes/building_blocks/blackstone_stairs_from_blackstone_stonecutting":{"criteria":{"has_blackstone":"2025-05-02 10:02:15 +0000"},"done":true},"DataVersion":4082}