{"minecraft:recipes/decorations/crafting_table":{"criteria":{"unlock_right_away":"2025-05-02 07:54:21 +0000"},"done":true},"minecraft:adventure/adventuring_time":{"criteria":{"minecraft:old_growth_pine_taiga":"2025-05-02 09:07:25 +0000","minecraft:forest":"2025-05-02 08:20:42 +0000","minecraft:taiga":"2025-05-02 08:23:17 +0000","minecraft:river":"2025-05-02 07:54:44 +0000","minecraft:snowy_plains":"2025-05-02 07:54:22 +0000","minecraft:windswept_gravelly_hills":"2025-05-02 09:11:01 +0000","minecraft:windswept_hills":"2025-05-02 09:10:53 +0000","minecraft:old_growth_spruce_taiga":"2025-05-02 09:07:38 +0000","minecraft:plains":"2025-05-02 07:54:26 +0000"},"done":false},"minecraft:recipes/transportation/mangrove_boat":{"criteria":{"in_water":"2025-05-02 07:54:44 +0000"},"done":true},"minecraft:recipes/transportation/acacia_boat":{"criteria":{"in_water":"2025-05-02 07:54:44 +0000"},"done":true},"minecraft:recipes/transportation/cherry_boat":{"criteria":{"in_water":"2025-05-02 07:54:44 +0000"},"done":true},"minecraft:recipes/transportation/bamboo_raft":{"criteria":{"in_water":"2025-05-02 07:54:44 +0000"},"done":true},"minecraft:recipes/transportation/spruce_boat":{"criteria":{"in_water":"2025-05-02 07:54:44 +0000"},"done":true},"minecraft:recipes/transportation/birch_boat":{"criteria":{"in_water":"2025-05-02 07:54:44 +0000"},"done":true},"minecraft:recipes/transportation/oak_boat":{"criteria":{"in_water":"2025-05-02 07:54:44 +0000"},"done":true},"minecraft:recipes/transportation/jungle_boat":{"criteria":{"in_water":"2025-05-02 07:54:44 +0000"},"done":true},"minecraft:recipes/transportation/dark_oak_boat":{"criteria":{"in_water":"2025-05-02 07:54:44 +0000"},"done":true},"minecraft:adventure/root":{"criteria":{"killed_something":"2025-05-02 07:54:55 +0000"},"done":true},"minecraft:recipes/food/cooked_mutton_from_smoking":{"criteria":{"has_mutton":"2025-05-02 07:54:56 +0000"},"done":true},"minecraft:recipes/food/cooked_mutton":{"criteria":{"has_mutton":"2025-05-02 07:54:56 +0000"},"done":true},"minecraft:recipes/decorations/white_banner":{"criteria":{"has_white_wool":"2025-05-02 07:54:56 +0000"},"done":true},"minecraft:recipes/decorations/painting":{"criteria":{"has_wool":"2025-05-02 07:54:56 +0000"},"done":true},"minecraft:recipes/food/cooked_mutton_from_campfire_cooking":{"criteria":{"has_mutton":"2025-05-02 07:54:56 +0000"},"done":true},"minecraft:recipes/decorations/white_bed":{"criteria":{"has_white_wool":"2025-05-02 07:54:56 +0000"},"done":true},"minecraft:recipes/decorations/white_carpet":{"criteria":{"has_white_wool":"2025-05-02 07:54:56 +0000"},"done":true},"minecraft:recipes/decorations/mossy_cobblestone_wall":{"criteria":{"has_mossy_cobblestone":"2025-05-02 07:55:24 +0000"},"done":true},"minecraft:recipes/building_blocks/mossy_cobblestone_slab_from_mossy_cobblestone_stonecutting":{"criteria":{"has_mossy_cobblestone":"2025-05-02 07:55:24 +0000"},"done":true},"minecraft:recipes/building_blocks/mossy_cobblestone_stairs_from_mossy_cobblestone_stonecutting":{"criteria":{"has_mossy_cobblestone":"2025-05-02 07:55:24 +0000"},"done":true},"minecraft:recipes/decorations/mossy_cobblestone_wall_from_mossy_cobblestone_stonecutting":{"criteria":{"has_mossy_cobblestone":"2025-05-02 07:55:24 +0000"},"done":true},"minecraft:recipes/building_blocks/mossy_cobblestone_slab":{"criteria":{"has_mossy_cobblestone":"2025-05-02 07:55:24 +0000"},"done":true},"minecraft:recipes/building_blocks/mossy_cobblestone_stairs":{"criteria":{"has_mossy_cobblestone":"2025-05-02 07:55:24 +0000"},"done":true},"minecraft:recipes/redstone/lever":{"criteria":{"has_cobblestone":"2025-05-02 07:55:46 +0000"},"done":true},"minecraft:recipes/combat/stone_sword":{"criteria":{"has_cobblestone":"2025-05-02 07:55:46 +0000"},"done":true},"minecraft:recipes/decorations/cobblestone_wall":{"criteria":{"has_cobblestone":"2025-05-02 07:55:46 +0000"},"done":true},"minecraft:recipes/tools/stone_pickaxe":{"criteria":{"has_cobblestone":"2025-05-02 07:55:46 +0000"},"done":true},"minecraft:recipes/tools/stone_axe":{"criteria":{"has_cobblestone":"2025-05-02 07:55:46 +0000"},"done":true},"minecraft:story/mine_stone":{"criteria":{"get_stone":"2025-05-02 07:55:46 +0000"},"done":true},"minecraft:recipes/decorations/furnace":{"criteria":{"has_cobblestone":"2025-05-02 07:55:46 +0000"},"done":true},"minecraft:recipes/building_blocks/cobblestone_slab":{"criteria":{"has_cobblestone":"2025-05-02 07:55:46 +0000"},"done":true},"minecraft:recipes/building_blocks/cobblestone_slab_from_cobblestone_stonecutting":{"criteria":{"has_cobblestone":"2025-05-02 07:55:46 +0000"},"done":true},"minecraft:recipes/building_blocks/stone":{"criteria":{"has_cobblestone":"2025-05-02 07:55:46 +0000"},"done":true},"minecraft:recipes/decorations/cobblestone_wall_from_cobblestone_stonecutting":{"criteria":{"has_cobblestone":"2025-05-02 07:55:46 +0000"},"done":true},"minecraft:recipes/building_blocks/cobblestone_stairs_from_cobblestone_stonecutting":{"criteria":{"has_cobblestone":"2025-05-02 07:55:46 +0000"},"done":true},"minecraft:recipes/building_blocks/cobblestone_stairs":{"criteria":{"has_cobblestone":"2025-05-02 07:55:46 +0000"},"done":true},"minecraft:recipes/tools/stone_hoe":{"criteria":{"has_cobblestone":"2025-05-02 07:55:46 +0000"},"done":true},"minecraft:recipes/tools/stone_shovel":{"criteria":{"has_cobblestone":"2025-05-02 07:55:46 +0000"},"done":true},"minecraft:recipes/misc/charcoal":{"criteria":{"has_log":"2025-05-02 07:55:54 +0000"},"done":true},"minecraft:recipes/building_blocks/oak_planks":{"criteria":{"has_logs":"2025-05-02 07:55:54 +0000"},"done":true},"minecraft:recipes/building_blocks/oak_wood":{"criteria":{"has_log":"2025-05-02 07:55:54 +0000"},"done":true},"minecraft:recipes/building_blocks/oak_slab":{"criteria":{"has_planks":"2025-05-02 07:56:00 +0000"},"done":true},"minecraft:recipes/decorations/oak_sign":{"criteria":{"has_planks":"2025-05-02 07:56:00 +0000"},"done":true},"minecraft:recipes/redstone/oak_trapdoor":{"criteria":{"has_planks":"2025-05-02 07:56:00 +0000"},"done":true},"minecraft:recipes/redstone/oak_fence_gate":{"criteria":{"has_planks":"2025-05-02 07:56:00 +0000"},"done":true},"minecraft:recipes/redstone/oak_pressure_plate":{"criteria":{"has_planks":"2025-05-02 07:56:00 +0000"},"done":true},"minecraft:recipes/redstone/oak_door":{"criteria":{"has_planks":"2025-05-02 07:56:00 +0000"},"done":true},"minecraft:recipes/misc/stick":{"criteria":{"has_planks":"2025-05-02 07:56:00 +0000"},"done":true},"minecraft:recipes/building_blocks/oak_stairs":{"criteria":{"has_planks":"2025-05-02 07:56:00 +0000"},"done":true},"minecraft:recipes/decorations/oak_fence":{"criteria":{"has_planks":"2025-05-02 07:56:00 +0000"},"done":true},"minecraft:recipes/decorations/barrel":{"criteria":{"has_planks":"2025-05-02 07:56:00 +0000"},"done":true},"minecraft:recipes/redstone/oak_button":{"criteria":{"has_planks":"2025-05-02 07:56:00 +0000"},"done":true},"minecraft:story/root":{"criteria":{"crafting_table":"2025-05-02 07:56:02 +0000"},"done":true},"minecraft:recipes/combat/diamond_leggings":{"criteria":{"has_diamond":"2025-05-02 07:56:15 +0000"},"done":true},"minecraft:recipes/combat/diamond_sword":{"criteria":{"has_diamond":"2025-05-02 07:56:15 +0000"},"done":true},"minecraft:recipes/decorations/jukebox":{"criteria":{"has_diamond":"2025-05-02 07:56:15 +0000"},"done":true},"minecraft:recipes/combat/diamond_chestplate":{"criteria":{"has_diamond":"2025-05-02 07:56:15 +0000"},"done":true},"minecraft:recipes/combat/diamond_helmet":{"criteria":{"has_diamond":"2025-05-02 07:56:15 +0000"},"done":true},"minecraft:recipes/tools/diamond_pickaxe":{"criteria":{"has_diamond":"2025-05-02 07:56:15 +0000"},"done":true},"minecraft:recipes/building_blocks/diamond_block":{"criteria":{"has_diamond":"2025-05-02 07:56:15 +0000"},"done":true},"minecraft:recipes/tools/diamond_hoe":{"criteria":{"has_diamond":"2025-05-02 07:56:15 +0000"},"done":true},"minecraft:recipes/tools/diamond_shovel":{"criteria":{"has_diamond":"2025-05-02 07:56:15 +0000"},"done":true},"minecraft:story/mine_diamond":{"criteria":{"diamond":"2025-05-02 07:56:15 +0000"},"done":true},"minecraft:recipes/tools/diamond_axe":{"criteria":{"has_diamond":"2025-05-02 07:56:15 +0000"},"done":true},"minecraft:recipes/combat/diamond_boots":{"criteria":{"has_diamond":"2025-05-02 07:56:15 +0000"},"done":true},"minecraft:recipes/combat/iron_sword":{"criteria":{"has_iron_ingot":"2025-05-02 07:56:25 +0000"},"done":true},"minecraft:recipes/tools/iron_pickaxe":{"criteria":{"has_iron_ingot":"2025-05-02 07:56:25 +0000"},"done":true},"minecraft:recipes/combat/iron_leggings":{"criteria":{"has_iron_ingot":"2025-05-02 07:56:25 +0000"},"done":true},"minecraft:recipes/combat/shield":{"criteria":{"has_iron_ingot":"2025-05-02 07:56:25 +0000"},"done":true},"minecraft:recipes/redstone/hopper":{"criteria":{"has_iron_ingot":"2025-05-02 07:56:25 +0000"},"done":true},"minecraft:recipes/decorations/iron_bars":{"criteria":{"has_iron_ingot":"2025-05-02 07:56:25 +0000"},"done":true},"minecraft:recipes/combat/iron_boots":{"criteria":{"has_iron_ingot":"2025-05-02 07:56:25 +0000"},"done":true},"minecraft:recipes/combat/iron_chestplate":{"criteria":{"has_iron_ingot":"2025-05-02 07:56:25 +0000"},"done":true},"minecraft:recipes/decorations/lantern":{"criteria":{"has_iron_ingot":"2025-05-02 07:56:25 +0000"},"done":true},"minecraft:recipes/misc/iron_nugget":{"criteria":{"has_iron_ingot":"2025-05-02 07:56:25 +0000"},"done":true},"minecraft:recipes/misc/bucket":{"criteria":{"has_iron_ingot":"2025-05-02 07:56:25 +0000"},"done":true},"minecraft:recipes/combat/iron_helmet":{"criteria":{"has_iron_ingot":"2025-05-02 07:56:25 +0000"},"done":true},"minecraft:recipes/transportation/minecart":{"criteria":{"has_iron_ingot":"2025-05-02 07:56:25 +0000"},"done":true},"minecraft:recipes/tools/iron_hoe":{"criteria":{"has_iron_ingot":"2025-05-02 07:56:25 +0000"},"done":true},"minecraft:recipes/tools/iron_shovel":{"criteria":{"has_iron_ingot":"2025-05-02 07:56:25 +0000"},"done":true},"minecraft:story/smelt_iron":{"criteria":{"iron":"2025-05-02 07:56:25 +0000"},"done":true},"minecraft:recipes/tools/shears":{"criteria":{"has_iron_ingot":"2025-05-02 07:56:25 +0000"},"done":true},"minecraft:recipes/redstone/iron_trapdoor":{"criteria":{"has_iron_ingot":"2025-05-02 07:56:25 +0000"},"done":true},"minecraft:recipes/decorations/chain":{"criteria":{"has_iron_ingot":"2025-05-02 07:56:25 +0000"},"done":true},"minecraft:recipes/building_blocks/iron_block":{"criteria":{"has_iron_ingot":"2025-05-02 07:56:25 +0000"},"done":true},"minecraft:recipes/tools/iron_axe":{"criteria":{"has_iron_ingot":"2025-05-02 07:56:25 +0000"},"done":true},"minecraft:recipes/combat/crossbow":{"criteria":{"has_iron_ingot":"2025-05-02 07:56:25 +0000"},"done":true},"minecraft:recipes/decorations/smithing_table":{"criteria":{"has_iron_ingot":"2025-05-02 07:56:25 +0000"},"done":true},"minecraft:recipes/redstone/iron_door":{"criteria":{"has_iron_ingot":"2025-05-02 07:56:25 +0000"},"done":true},"minecraft:recipes/redstone/heavy_weighted_pressure_plate":{"criteria":{"has_iron_ingot":"2025-05-02 07:56:25 +0000"},"done":true},"minecraft:recipes/misc/wheat":{"criteria":{"has_hay_block":"2025-05-02 07:56:34 +0000"},"done":true},"minecraft:recipes/redstone/target":{"criteria":{"has_hay_block":"2025-05-02 07:56:34 +0000"},"done":true},"minecraft:recipes/food/bread":{"criteria":{"has_wheat":"2025-05-02 07:56:36 +0000"},"done":true},"minecraft:recipes/building_blocks/hay_block":{"criteria":{"has_wheat":"2025-05-02 07:56:36 +0000"},"done":true},"minecraft:husbandry/balanced_diet":{"criteria":{"bread":"2025-05-02 07:56:46 +0000","baked_potato":"2025-05-02 09:18:30 +0000","porkchop":"2025-05-02 08:14:01 +0000"},"done":false},"minecraft:husbandry/root":{"criteria":{"consumed_item":"2025-05-02 07:56:46 +0000"},"done":true},"minecraft:recipes/misc/sugar_from_sugar_cane":{"criteria":{"has_sugar_cane":"2025-05-02 07:58:47 +0000"},"done":true},"minecraft:recipes/misc/paper":{"criteria":{"has_reeds":"2025-05-02 07:58:47 +0000"},"done":true},"minecraft:recipes/decorations/ladder":{"criteria":{"has_stick":"2025-05-02 08:04:53 +0000"},"done":true},"minecraft:recipes/decorations/campfire":{"criteria":{"has_stick":"2025-05-02 08:04:53 +0000"},"done":true},"minecraft:recipes/tools/wooden_hoe":{"criteria":{"has_stick":"2025-05-02 08:04:53 +0000"},"done":true},"minecraft:recipes/tools/wooden_pickaxe":{"criteria":{"has_stick":"2025-05-02 08:04:53 +0000"},"done":true},"minecraft:recipes/tools/wooden_axe":{"criteria":{"has_stick":"2025-05-02 08:04:53 +0000"},"done":true},"minecraft:recipes/tools/wooden_shovel":{"criteria":{"has_stick":"2025-05-02 08:04:53 +0000"},"done":true},"minecraft:recipes/combat/wooden_sword":{"criteria":{"has_stick":"2025-05-02 08:04:53 +0000"},"done":true},"minecraft:recipes/decorations/chest":{"criteria":{"has_lots_of_items":"2025-05-02 08:04:54 +0000"},"done":true},"minecraft:recipes/food/cooked_porkchop":{"criteria":{"has_porkchop":"2025-05-02 08:05:11 +0000"},"done":true},"minecraft:recipes/food/cooked_porkchop_from_campfire_cooking":{"criteria":{"has_porkchop":"2025-05-02 08:05:11 +0000"},"done":true},"minecraft:recipes/food/cooked_porkchop_from_smoking":{"criteria":{"has_porkchop":"2025-05-02 08:05:11 +0000"},"done":true},"minecraft:recipes/combat/leather_helmet":{"criteria":{"has_leather":"2025-05-02 08:18:48 +0000"},"done":true},"minecraft:recipes/redstone/spruce_button":{"criteria":{"has_planks":"2025-05-02 08:36:37 +0000"},"done":true},"minecraft:recipes/decorations/torch":{"criteria":{"has_stone_pickaxe":"2025-05-02 08:08:36 +0000"},"done":true},"minecraft:recipes/food/cake":{"criteria":{"has_egg":"2025-05-02 09:07:17 +0000"},"done":true},"minecraft:recipes/combat/leather_leggings":{"criteria":{"has_leather":"2025-05-02 08:18:48 +0000"},"done":true},"minecraft:recipes/building_blocks/andesite_stairs_from_andesite_stonecutting":{"criteria":{"has_andesite":"2025-05-02 08:09:01 +0000"},"done":true},"minecraft:story/obtain_armor":{"criteria":{"iron_boots":"2025-05-02 09:13:51 +0000"},"done":true},"minecraft:recipes/building_blocks/spruce_planks":{"criteria":{"has_logs":"2025-05-02 08:27:57 +0000"},"done":true},"minecraft:recipes/decorations/black_bed":{"criteria":{"has_black_wool":"2025-05-02 08:19:21 +0000"},"done":true},"minecraft:recipes/food/cooked_beef_from_smoking":{"criteria":{"has_beef":"2025-05-02 08:18:48 +0000"},"done":true},"minecraft:recipes/misc/iron_nugget_from_smelting":{"criteria":{"has_iron_pickaxe":"2025-05-02 08:13:14 +0000"},"done":true},"minecraft:recipes/food/baked_potato_from_campfire_cooking":{"criteria":{"has_potato":"2025-05-02 08:26:27 +0000"},"done":true},"minecraft:husbandry/tame_an_animal":{"criteria":{"tamed_animal":"2025-05-02 09:02:23 +0000"},"done":true},"minecraft:recipes/redstone/birch_button":{"criteria":{"has_planks":"2025-05-02 08:34:29 +0000"},"done":true},"minecraft:recipes/building_blocks/birch_planks":{"criteria":{"has_logs":"2025-05-02 08:27:35 +0000"},"done":true},"minecraft:story/iron_tools":{"criteria":{"iron_pickaxe":"2025-05-02 08:13:14 +0000"},"done":true},"minecraft:recipes/redstone/spruce_pressure_plate":{"criteria":{"has_planks":"2025-05-02 08:36:37 +0000"},"done":true},"minecraft:husbandry/whole_pack":{"criteria":{"minecraft:woods":"2025-05-02 09:02:23 +0000"},"done":false},"minecraft:recipes/misc/iron_ingot_from_smelting_raw_iron":{"criteria":{"has_raw_iron":"2025-05-02 08:08:19 +0000"},"done":true},"minecraft:recipes/building_blocks/raw_iron_block":{"criteria":{"has_raw_iron":"2025-05-02 08:08:19 +0000"},"done":true},"minecraft:recipes/combat/bow":{"criteria":{"has_string":"2025-05-02 08:17:42 +0000"},"done":true},"minecraft:recipes/building_blocks/andesite_stairs":{"criteria":{"has_andesite":"2025-05-02 08:09:01 +0000"},"done":true},"minecraft:recipes/building_blocks/polished_andesite_from_andesite_stonecutting":{"criteria":{"has_andesite":"2025-05-02 08:09:01 +0000"},"done":true},"minecraft:recipes/decorations/item_frame":{"criteria":{"has_leather":"2025-05-02 08:18:48 +0000"},"done":true},"minecraft:recipes/food/baked_potato_from_smoking":{"criteria":{"has_potato":"2025-05-02 08:26:27 +0000"},"done":true},"minecraft:recipes/food/baked_potato":{"criteria":{"has_potato":"2025-05-02 08:26:27 +0000"},"done":true},"minecraft:recipes/redstone/birch_door":{"criteria":{"has_planks":"2025-05-02 08:34:29 +0000"},"done":true},"minecraft:story/upgrade_tools":{"criteria":{"stone_pickaxe":"2025-05-02 08:08:36 +0000"},"done":true},"minecraft:recipes/decorations/birch_fence":{"criteria":{"has_planks":"2025-05-02 08:34:29 +0000"},"done":true},"minecraft:recipes/decorations/spruce_sign":{"criteria":{"has_planks":"2025-05-02 08:36:37 +0000"},"done":true},"minecraft:recipes/decorations/black_carpet":{"criteria":{"has_black_wool":"2025-05-02 08:19:21 +0000"},"done":true},"minecraft:recipes/combat/leather_chestplate":{"criteria":{"has_leather":"2025-05-02 08:18:48 +0000"},"done":true},"minecraft:recipes/building_blocks/polished_andesite":{"criteria":{"has_andesite":"2025-05-02 08:09:01 +0000"},"done":true},"minecraft:recipes/decorations/andesite_wall_from_andesite_stonecutting":{"criteria":{"has_andesite":"2025-05-02 08:09:01 +0000"},"done":true},"minecraft:recipes/redstone/birch_trapdoor":{"criteria":{"has_planks":"2025-05-02 08:34:29 +0000"},"done":true},"minecraft:recipes/redstone/spruce_trapdoor":{"criteria":{"has_planks":"2025-05-02 08:36:37 +0000"},"done":true},"minecraft:recipes/tools/fishing_rod":{"criteria":{"has_string":"2025-05-02 08:17:42 +0000"},"done":true},"minecraft:recipes/decorations/smoker":{"criteria":{"has_furnace":"2025-05-02 08:11:31 +0000"},"done":true},"minecraft:recipes/redstone/spruce_door":{"criteria":{"has_planks":"2025-05-02 08:36:37 +0000"},"done":true},"minecraft:recipes/redstone/spruce_fence_gate":{"criteria":{"has_planks":"2025-05-02 08:36:37 +0000"},"done":true},"minecraft:recipes/misc/pumpkin_seeds":{"criteria":{"has_pumpkin":"2025-05-02 08:33:37 +0000"},"done":true},"minecraft:recipes/redstone/dispenser":{"criteria":{"has_bow":"2025-05-02 09:02:22 +0000"},"done":true},"minecraft:recipes/building_blocks/emerald_block":{"criteria":{"has_emerald":"2025-05-02 08:26:29 +0000"},"done":true},"minecraft:recipes/food/suspicious_stew_from_poppy":{"criteria":{"has_poppy":"2025-05-02 08:56:43 +0000"},"done":true},"minecraft:recipes/brewing/cauldron":{"criteria":{"has_water_bucket":"2025-05-02 08:19:45 +0000"},"done":true},"minecraft:recipes/decorations/armor_stand":{"criteria":{"has_stone_slab":"2025-05-02 08:44:51 +0000"},"done":true},"minecraft:adventure/sleep_in_bed":{"criteria":{"slept_in_bed":"2025-05-02 09:13:37 +0000"},"done":true},"minecraft:recipes/building_blocks/polished_andesite_slab_from_andesite_stonecutting":{"criteria":{"has_andesite":"2025-05-02 08:09:01 +0000"},"done":true},"minecraft:recipes/decorations/birch_sign":{"criteria":{"has_planks":"2025-05-02 08:34:29 +0000"},"done":true},"minecraft:recipes/building_blocks/white_wool_from_string":{"criteria":{"has_string":"2025-05-02 08:17:42 +0000"},"done":true},"minecraft:adventure/kill_all_mobs":{"criteria":{"minecraft:cave_spider":"2025-05-02 08:17:39 +0000","minecraft:skeleton":"2025-05-02 08:08:01 +0000","minecraft:zombie":"2025-05-02 08:08:06 +0000","minecraft:creeper":"2025-05-02 08:10:05 +0000"},"done":false},"minecraft:recipes/building_blocks/birch_wood":{"criteria":{"has_log":"2025-05-02 08:27:35 +0000"},"done":true},"minecraft:recipes/misc/iron_ingot_from_blasting_raw_iron":{"criteria":{"has_raw_iron":"2025-05-02 08:08:19 +0000"},"done":true},"minecraft:recipes/misc/red_dye_from_poppy":{"criteria":{"has_poppy":"2025-05-02 08:56:43 +0000"},"done":true},"minecraft:recipes/building_blocks/spruce_wood":{"criteria":{"has_log":"2025-05-02 08:27:57 +0000"},"done":true},"minecraft:recipes/decorations/black_banner":{"criteria":{"has_black_wool":"2025-05-02 08:19:21 +0000"},"done":true},"minecraft:recipes/redstone/tripwire_hook":{"criteria":{"has_string":"2025-05-02 08:17:42 +0000"},"done":true},"minecraft:recipes/misc/bone_meal":{"criteria":{"has_bone":"2025-05-02 08:27:43 +0000"},"done":true},"minecraft:recipes/redstone/birch_fence_gate":{"criteria":{"has_planks":"2025-05-02 08:34:29 +0000"},"done":true},"minecraft:recipes/misc/iron_nugget_from_blasting":{"criteria":{"has_iron_pickaxe":"2025-05-02 08:13:14 +0000"},"done":true},"minecraft:adventure/kill_a_mob":{"criteria":{"minecraft:skeleton":"2025-05-02 08:08:01 +0000"},"done":true},"minecraft:recipes/combat/leather_boots":{"criteria":{"has_leather":"2025-05-02 08:18:48 +0000"},"done":true},"minecraft:recipes/decorations/andesite_wall":{"criteria":{"has_andesite":"2025-05-02 08:09:01 +0000"},"done":true},"minecraft:recipes/building_blocks/andesite_slab":{"criteria":{"has_andesite":"2025-05-02 08:09:01 +0000"},"done":true},"minecraft:recipes/building_blocks/polished_andesite_stairs_from_andesite_stonecutting":{"criteria":{"has_andesite":"2025-05-02 08:09:01 +0000"},"done":true},"minecraft:recipes/redstone/birch_pressure_plate":{"criteria":{"has_planks":"2025-05-02 08:34:29 +0000"},"done":true},"minecraft:recipes/decorations/candle":{"criteria":{"has_string":"2025-05-02 08:17:42 +0000"},"done":true},"minecraft:recipes/misc/firework_rocket_simple":{"criteria":{"has_gunpowder":"2025-05-02 08:10:07 +0000"},"done":true},"minecraft:recipes/building_blocks/birch_slab":{"criteria":{"has_planks":"2025-05-02 08:34:29 +0000"},"done":true},"minecraft:recipes/misc/leather_horse_armor":{"criteria":{"has_leather":"2025-05-02 08:18:48 +0000"},"done":true},"minecraft:recipes/redstone/tnt":{"criteria":{"has_gunpowder":"2025-05-02 08:10:07 +0000"},"done":true},"minecraft:recipes/decorations/spruce_fence":{"criteria":{"has_planks":"2025-05-02 08:36:37 +0000"},"done":true},"minecraft:recipes/building_blocks/spruce_stairs":{"criteria":{"has_planks":"2025-05-02 08:36:37 +0000"},"done":true},"minecraft:recipes/decorations/loom":{"criteria":{"has_string":"2025-05-02 08:17:42 +0000"},"done":true},"minecraft:recipes/building_blocks/andesite_slab_from_andesite_stonecutting":{"criteria":{"has_andesite":"2025-05-02 08:09:01 +0000"},"done":true},"minecraft:recipes/building_blocks/coal_block":{"criteria":{"has_coal":"2025-05-02 08:11:42 +0000"},"done":true},"minecraft:recipes/tools/bundle":{"criteria":{"has_string":"2025-05-02 08:17:42 +0000"},"done":true},"minecraft:recipes/building_blocks/spruce_slab":{"criteria":{"has_planks":"2025-05-02 08:36:37 +0000"},"done":true},"minecraft:recipes/food/cooked_beef":{"criteria":{"has_beef":"2025-05-02 08:18:48 +0000"},"done":true},"minecraft:recipes/building_blocks/birch_stairs":{"criteria":{"has_planks":"2025-05-02 08:34:29 +0000"},"done":true},"minecraft:recipes/food/pumpkin_pie":{"criteria":{"has_pumpkin":"2025-05-02 08:33:37 +0000"},"done":true},"minecraft:recipes/food/cooked_beef_from_campfire_cooking":{"criteria":{"has_beef":"2025-05-02 08:18:48 +0000"},"done":true},"DataVersion":4082}