{
	"display": {
		"icon": {
			"item": "minecraft:iron_pickaxe",
			"nbt": "{Enchantments:[{id:\"minecraft:unbreaking\",lvl:1}]}"
		},
		"title": {
			"translate": "Smooth as silk",
			"color": "aqua"
		},
		"description": {
			"translate": "Enchant something with silk touch",
			"color": "white"
		}
	},
	"parent": "skyblock:nether/enchant_item",
	"criteria": {
		"enchant": {
			"trigger": "minecraft:enchanted_item",
			"conditions": {
				"item": {
					"enchantments": [
						{
							"enchantment": "minecraft:silk_touch"
						}
					]
				}
			}
		}
	}
}
