{
	"display": {
		"icon": {
			"item": "minecraft:dirt"
		},
		"title": {
			"translate": "Infinity dirt",
			"color": "aqua"
		},
		"description": {
			"translate": "Get 64 dirt blocks and 64 coarse dirt blocks",
			"color": "white"
		}
	},
	"parent": "skyblock:nether/get_gravel",
	"criteria": {
		"dirt": {
			"trigger": "minecraft:inventory_changed",
			"conditions": {
				"items": [
					{
						"items": [
							"minecraft:dirt"
						],
						"count": 64
					},
					{
						"items": [
							"minecraft:coarse_dirt"
						],
						"count": 64
					}
				]
			}
		}
	}
}
