{
    "worldedit.expand.description.vert": "Zgjero vertikalisht zgjedhjen në kufijtë e botës.",
    "worldedit.expand.expanded": "Rajon i zgjatur prej {0} blloqe",
    "worldedit.expand.expanded.vert": "Rajon i zgjatur prej {0} blloqe (nga lart poshtë).",
    "worldedit.biomeinfo.lineofsight": "Bioma në pikën e shikimit: {0}",
    "worldedit.biomeinfo.position": "Bioma në pozicionin tuaj: {0}",
    "worldedit.biomeinfo.selection": "Bioma në zgjedhjen tuaj: {0}",
    "worldedit.biomeinfo.not-locatable": "Dërguesi i komandës duhet të ekzistojë në botë për të përdorur flamurin -p.",
    "worldedit.brush.radius-too-large": "Rrezja maksimale e lejuar e furçës: {0}",
    "worldedit.brush.apply.description": "Aplikoni furçë, zbatoni një funksion në çdo bllok",
    "worldedit.brush.apply.radius": "Madhësia e furçës",
    "worldedit.brush.apply.shape": "Forma e rajonit",
    "worldedit.brush.apply.type": "Lloji i furçës për t’u përdorur",
    "worldedit.brush.apply.item.warning": "Kjo furçë simulon përdorimet e sendeve. Efektet e saj mund të mos funksionojnë në të gjitha platformat, mund të mos jenë të pa-aftësuar dhe mund të shkaktojnë ndërveprime të çuditshme me mod/shtojcat e tjera. Përdorni me rrezikun tuaj.",
    "worldedit.brush.paint.description": "Furça me bojë, aplikoni një funksion në një sipërfaqe",
    "worldedit.brush.paint.size": "Madhësia e furçës",
    "worldedit.brush.paint.shape": "Forma e rajonit",
    "worldedit.brush.paint.density": "Dendësia e furçës",
    "worldedit.brush.paint.type": "Lloji i furçës për t’u përdorur",
    "worldedit.brush.paint.item.warning": "Kjo furçë simulon përdorimet e sendeve. Efektet e saj mund të mos funksionojnë në të gjitha platformat, mund të mos jenë të pa-aftësuar dhe mund të shkaktojnë ndërveprime të çuditshme me mod/shtojcat e tjera. Përdorni me rrezikun tuaj.",
    "worldedit.brush.sphere.equip": "Forma e furçës së sferës e pajisur ({0}).",
    "worldedit.brush.cylinder.equip": "Forma e furçës së cilindrit e pajisur ({0} nga {1}).",
    "worldedit.brush.splatter.equip": "Forma e furçës së spërkatjes e pajisur ({0} me {1} prishje).",
    "worldedit.brush.splatter.decay-out-of-range": "Vlera e prishjes së furçës së spërkatjes: {0} është jashtë rrezes 0 - 10.",
    "worldedit.brush.clipboard.equip": "Forma e furçës së kopjes e pajisur.",
    "worldedit.brush.smooth.equip": "Furça zbutëse e pajisur ({0} x {1}x me {2}).",
    "worldedit.brush.smooth.nofilter": "ndonjë bllok",
    "worldedit.brush.smooth.filter": "filtroni",
    "worldedit.brush.snowsmooth.equip": "Furça e borës e pajisur ({0} x {1}x me {2}), {3} blloqe bore.",
    "worldedit.brush.snowsmooth.nofilter": "ndonjë bllok",
    "worldedit.brush.snowsmooth.filter": "filtroni",
    "worldedit.brush.extinguish.equip": "Zjarrfikës i pajisur ({0}).",
    "worldedit.brush.gravity.equip": "Furça e gravitetit e pajisur ({0}).",
    "worldedit.brush.butcher.equip": "Furça e kasapit e pajisur ({0}).",
    "worldedit.brush.operation.equip": "Furça u vendos në {0}.",
    "worldedit.brush.heightmap.equip": "Furça e hartës së lartësisë e pajisur ({0}).",
    "worldedit.brush.heightmap.unknown": "Furça e hartës së lartësisë e panjohur: {0}.",
    "worldedit.brush.morph.equip": "Forma e furçës së morfit e pajisur: {0}.",
    "worldedit.brush.none.equip": "Furça u hoq nga sendit në dorë.",
    "worldedit.setbiome.not-locatable": "Dërguesi i komandës duhet të ekzistojë në botë për të përdorur flamurin -p.",
    "worldedit.drawsel.disabled": "Serveri CUI u çaktivizua.",
    "worldedit.drawsel.disabled.already": "Server CUI është çaktivizuar tashmë.",
    "worldedit.drawsel.enabled.already": "Serveri CUI është aktivizuar tashmë.",
    "worldedit.limit.too-high": "Kufiri juaj maksimal i lejueshëm është {0}.",
    "worldedit.limit.set": "Kufiri i ndryshimit të bllokut u vendos në {0}.",
    "worldedit.limit.return-to-default": "(Përdorni //limit për t'u rikthyer në parazgjedhje.)",
    "worldedit.timeout.too-high": "Timeout-i juaj maksimal i lejueshëm është {0}ms.",
    "worldedit.timeout.set": "Koha e timeout-it u vendos në {0}ms.",
    "worldedit.timeout.return-to-default": " (Përdorni //timeout për t'u rikthyer në parazgjedhje.)",
    "worldedit.fast.disabled": "Modaliteti i shpejtë u çaktivizua.",
    "worldedit.fast.enabled": "Modaliteti i shpejtë i aktivizuar. Ndriçimi në pjesët e prekura mund të jetë i gabuar dhe/ose mund t'ju duhet të ribashkoheni për të parë ndryshimet.",
    "worldedit.fast.disabled.already": "Modaliteti i shpejtë është çaktivizuar tashmë.",
    "worldedit.fast.enabled.already": "Modaliteti i shpejtë është aktivizuar tashmë.",
    "worldedit.reorder.current": "Modaliteti i riorganizimit është {0}",
    "worldedit.reorder.set": "Modaliteti i riorganizimit tani është {0}",
    "worldedit.gmask.disabled": "Maska globale u çaktivizua.",
    "worldedit.gmask.set": "Maska globale u vendos.",
    "worldedit.toggleplace.pos1": "Tani duke u vendosur në pos #1.",
    "worldedit.toggleplace.player": "Tani duke u vendosur në blloku ku ju jeni duke qëndruar.",
    "worldedit.searchitem.too-short": "Futni një varg kërkimi më të gjatë (len > 2).",
    "worldedit.searchitem.either-b-or-i": "Ju nuk mund të përdorni të dyja flamurët 'b' dhe 'i' njëkohësisht.",
    "worldedit.searchitem.searching": "(Ju lutemi prisni... duke kërkuar artikuj.)",
    "worldedit.watchdog.no-hook": "Kjo platformë nuk ka goditje watchdog.",
    "worldedit.watchdog.active.already": "Watchdog tashmë aktive.",
    "worldedit.watchdog.inactive.already": "Watchdog tashmë joaktive.",
    "worldedit.watchdog.active": "Watchdog tani është aktive.",
    "worldedit.watchdog.inactive": "Watchdog tani është joaktive.",
    "worldedit.world.remove": "Tejkaloja i botës e hequr.",
    "worldedit.world.set": "Vendoseni që bota të tejkalojë në {0}. (Përdorni //botë për të kthyer përsëri në parazgjedhje)",
    "worldedit.undo.undone": "Undid {0} redaktimet në dispozicion.",
    "worldedit.undo.none": "Asgjë nuk mbetet për të zhbërë.",
    "worldedit.clearhistory.cleared": "Historia u pastrua.",
    "worldedit.raytrace.noblock": "Nuk ka bllok në shikim!",
    "worldedit.hpos.no-block": "Nuk ka bllok në shikim!",
    "worldedit.hpos.already-set": "Pozicioni i vendosur tashmë.",
    "worldedit.chunk.selected-multiple": "Copëza të zgjedhura : ({0}, {1}, {2}) - ({3}, {4}, {5})",
    "worldedit.wand.invalid": "Shkopit është i konfiguruar gabimisht ose i çaktivizuar.",
    "worldedit.wand.selwand.info": "Klikoni në të majtë : zgjidhni poz #1 ; Klikoni me të djathtën : zgjidhni pozin #2",
    "worldedit.wand.navwand.info": "Klikoni në të majtë : kërce në vendndodhje ; Klikoni me të djathtën : kaloni nëpër mure",
    "worldedit.contract.contracted": "Rajoni është kontraktuar nga {0} blloqe.",
    "worldedit.shift.shifted": "Rajoni u zhvendos.",
    "worldedit.outset.outset": "Rajoni është dilatuar.",
    "worldedit.inset.inset": "Rajoni është zvogëluar.",
    "worldedit.size.offset": "Ndryshim : {0}",
    "worldedit.size.type": "Lloji : {0}",
    "worldedit.size.size": "Madhësia : {0}",
    "worldedit.size.distance": "Distanca kuboide : {0}",
    "worldedit.size.blocks": "Numri i blloqeve : {0}",
    "worldedit.count.counted": "Numëruar : {0}",
    "worldedit.distr.no-blocks": "Asnjë bllok nuk llogaritet.",
    "worldedit.distr.no-previous": "Asnjë shpërndarje e mëparshme.",
    "worldedit.distr.total": "Numri total i bllokut : {0}",
    "worldedit.select.cleared": "Zgjedhja u pastrua.",
    "worldedit.tool.no-block": "Nuk ka bllok në shikim!"
}
