{
	"display": {
		"icon": {
			"item": "minecraft:oak_fence"
		},
		"title": {
			"translate": "Animal platform",
			"color": "aqua"
		},
		"description": {
			"translate": "Expand the grass on the forest island to make animals appear, take good care of them",
			"color": "white"
		}
	},
	"parent": "skyblock:forest_island/root",
	"criteria": {
		"chicken": {
			"trigger": "minecraft:bred_animals",
			"conditions": {
				"child": {
					"type": "minecraft:chicken"
				}
			}
		},
		"cow": {
			"trigger": "minecraft:bred_animals",
			"conditions": {
				"child": {
					"type": "minecraft:cow"
				}
			}
		},
		"sheep": {
			"trigger": "minecraft:bred_animals",
			"conditions": {
				"child": {
					"type": "minecraft:sheep"
				}
			}
		},
		"pig": {
			"trigger": "minecraft:bred_animals",
			"conditions": {
				"child": {
					"type": "minecraft:pig"
				}
			}
		},
		"horse": {
			"trigger": "minecraft:bred_animals",
			"conditions": {
				"child": {
					"type": "minecraft:horse"
				}
			}
		},
		"donkey": {
			"trigger": "minecraft:bred_animals",
			"conditions": {
				"child": {
					"type": "minecraft:donkey"
				}
			}
		},
		"mule": {
			"trigger": "minecraft:bred_animals",
			"conditions": {
				"child": {
					"type": "minecraft:mule"
				}
			}
		}
	},
	"requirements": [
		[
			"chicken",
			"cow",
			"sheep",
			"pig",
			"horse",
			"donkey",
			"mule"
		]
	]
}
