{
	"display": {
		"icon": {
			"item": "minecraft:white_wool"
		},
		"title": {
			"translate": "Is very annoying",
			"color": "aqua"
		},
		"description": {
			"translate": "Free a sheep from that annoying wool",
			"color": "white"
		}
	},
	"parent": "skyblock:forest_island/animal_platform",
	"criteria": {
		"requirement": {
			"trigger": "minecraft:player_interacted_with_entity",
			"conditions": {
				"item": {
					"items": [
						"minecraft:shears"
					]
				},
				"entity": {
					"type": "minecraft:sheep"
				}
			}
		}
	}
}
