{
	"display": {
		"icon": {
			"item": "minecraft:honey_bottle"
		},
		"title": {
			"translate": "Honey for Winnie Pooh",
			"color": "aqua"
		},
		"description": {
			"translate": "Get 16 honey bottles",
			"color": "white"
		}
	},
	"parent": "skyblock:forest_island/harvest_from_a_safe_hive",
	"criteria": {
		"requirement": {
			"trigger": "minecraft:inventory_changed",
			"conditions": {
				"items": [
					{
						"items": [
							"minecraft:honey_bottle"
						],
						"count": 16
					}
				]
			}
		}
	}
}
